Manufacturer, Model Number, Description, Power Output (STC), Type of panel, Length of short side, Length of long side
"Advance Power", API-P210, "210 W Polycrystalline Module", 210, "Flat Plate", 0.995, 1.646
"Advance Power", API-P215, "215 W Polycrystalline Module", 215, "Flat Plate", 0.995, 1.646
"Advance Power", API-P220, "220 W Polycrystalline Module", 220, "Flat Plate", 0.995, 1.646
"Advance Power", API-M225, "225 W Monocrystalline Module", 225, "Flat Plate", 0.995, 1.646
"Advance Power", API-P225, "225 W Polycrystalline Module", 225, "Flat Plate", 0.995, 1.646
"Advance Power", API-M230, "230 W Monocrystalline Module", 230, "Flat Plate", 0.995, 1.646
"Advance Power", API-P230, "230 W Polycrystalline Module", 230, "Flat Plate", 0.995, 1.646
"Advance Power", API-M235, "235 W Monocrystalline Module", 235, "Flat Plate", 0.995, 1.646
"Advance Power", API-P235, "235 W Polycrystalline Module", 235, "Flat Plate", 0.995, 1.646
"Advance Power", API-M240, "240 W Monocrystalline Module", 240, "Flat Plate", 0.995, 1.646
"Advance Power", API-P240, "240 W Polycrystalline Module", 240, "Flat Plate", 0.995, 1.646
"Advance Power", API-M245, "245 W Monocrystalline Module", 245, "Flat Plate", 0.995, 1.646
"Advance Power", API-P245, "245 W Polycrystalline Module", 245, "Flat Plate", 0.995, 1.646
"Advance Power", API-M250, "250 W Monocrystalline Module", 250, "Flat Plate", 0.995, 1.646
"Advance Power", API-P250, "250 W Polycrystalline Module", 250, "Flat Plate", 0.995, 1.646
"Advance Power", API-M255, "255 W Monocrystalline Module", 255, "Flat Plate", 0.995, 1.646
"Advance Power", API-P255, "255 W Polycrystalline Module", 255, "Flat Plate", 0.995, 1.646
"Advance Power", API-M260, "260 W Monocrystalline Module", 260, "Flat Plate", 0.995, 1.646
"Advance Power", API-P260, "260 W Polycrystalline Module", 260, "Flat Plate", 0.995, 1.961
"Advance Power", API-M265, "265 W Monocrystalline Module", 265, "Flat Plate", 0.995, 1.961
"Advance Power", API-P265, "265 W Polycrystalline Module", 265, "Flat Plate", 0.995, 1.961
"Advance Power", API-M270, "270 W Monocrystalline Module", 270, "Flat Plate", 0.995, 1.961
"Advance Power", API-P270, "270 W Polycrystalline Module", 270, "Flat Plate", 0.995, 1.961
"Advance Power", API-M275, "275 W Monocrystalline Module", 275, "Flat Plate", 0.995, 1.961
"Advance Power", API-P275, "275 W Polycrystalline Module", 275, "Flat Plate", 0.995, 1.961
"Advance Power", API-M280, "280 W Monocrystalline Module", 280, "Flat Plate", 0.995, 1.961
"Advance Power", API-P280, "280 W Polycrystalline Module", 280, "Flat Plate", 0.995, 1.961
"Advance Power", API-M285, "285 W Monocrystalline Module", 285, "Flat Plate", 0.995, 1.961
"Advance Power", API-P285, "285 W Polycrystalline Module", 285, "Flat Plate", 0.995, 1.961
"Advance Power", API-M290, "290 W Monocrystalline Module", 290, "Flat Plate", 0.995, 1.961
"Advance Power", API-P290, "290 W Polycrystalline Module", 290, "Flat Plate", 0.995, 1.961
"Advance Power", API-M295, "295 W Monocrystalline Module", 295, "Flat Plate", 0.995, 1.961
"Advance Power", API-P295, "295 W Polycrystalline Module", 295, "Flat Plate", 0.995, 1.961
"Advance Power", API-M300, "300 W Monocrystalline Module", 300, "Flat Plate", 0.995, 1.961
"Advance Power", API-P300, "300 W Polycrystalline Module", 300, "Flat Plate", 0.995, 1.961
"Advance Power", API-M305, "305 W Monocrystalline Module", 305, "Flat Plate", 0.995, 1.961
"Advance Power", API-P305, "305 W Polycrystalline Module", 305, "Flat Plate", 0.995, 1.961
"Advance Power", API-M310, "310 W Monocrystalline Module", 310, "Flat Plate", 0.995, 1.961
"Advance Power", API-P310, "310 W Polycrystalline Module", 310, "Flat Plate", 0.995, 1.961
"Advance Power", API-M315, "315 W Monocrystalline Module", 315, "Flat Plate", 0.995, 1.961
"Advance Power", API-P315, "315 W Polycrystalline Module", 315, "Flat Plate", 0.995, 1.961
"American Solar Wholesale", ASW-175M, "175 W Monocrystalline Module", 175, "Flat Plate", 0.808, 1.58
"American Solar Wholesale", ASW-180M, "180 W Monocrystalline Module", 180, "Flat Plate", 0.808, 1.58
"American Solar Wholesale", ASW-185M, "185 W Monocrystalline Module", 185, "Flat Plate", 0.808, 1.58
"American Solar Wholesale", ASW-215P, "215 W Polycrystalline Module", 215, "Flat Plate", 0.99, 1.65
"American Solar Wholesale", ASW-220P, "220 W Polycrystalline Module", 220, "Flat Plate", 0.99, 1.65
"American Solar Wholesale", ASW-225M, "225 W Monocrystalline Module", 225, "Flat Plate", 0.99, 1.65
"American Solar Wholesale", ASW-225P, "225 W Polycrystalline Module", 225, "Flat Plate", 0.99, 1.65
"American Solar Wholesale", ASW-230M, "230 W Monocrystalline Module", 230, "Flat Plate", 0.99, 1.65
"American Solar Wholesale", ASW-230P, "230 W Polycrystalline Module", 230, "Flat Plate", 0.99, 1.65
"American Solar Wholesale", ASW-235M, "225 W Monocrystalline Module", 235, "Flat Plate", 0.99, 1.65
"American Solar Wholesale", ASW-235P, "235 W Polycrystalline Module", 235, "Flat Plate", 0.99, 1.65
"American Solar Wholesale", ASW-240M-60, "240 W Monocrystalline Module", 240, "Flat Plate", 0.99, 1.65
"American Solar Wholesale", ASW-240P, "240 W Polycrystalline Module", 240, "Flat Plate", 0.99, 1.65
"American Solar Wholesale", ASW-245M, "245 W Monocrystalline Module", 245, "Flat Plate", 0.99, 1.65
"American Solar Wholesale", ASW-245P, "245 W Polycrystalline Module", 245, "Flat Plate", 0.99, 1.65
"American Solar Wholesale", ASW-250M, "250 W Monocrystalline Module", 250, "Flat Plate", 0.99, 1.65
"American Solar Wholesale", ASW-250P, "250 W Polycrystalline Module", 250, "Flat Plate", 0.99, 1.954
"American Solar Wholesale", ASW-260M, "260 W Monocrystalline Module", 260, "Flat Plate", 0.99, 1.954
"American Solar Wholesale", ASW-260P, "260 W Polycrystalline Module", 260, "Flat Plate", 0.99, 1.954
"American Solar Wholesale", ASW-265M, "265 W Monocrystalline Module", 265, "Flat Plate", 0.99, 1.954
"American Solar Wholesale", ASW-270M, "270 W Monocrystalline Module", 270, "Flat Plate", 0.99, 1.954
"American Solar Wholesale", ASW-270P, "270 W Polycrystalline Module", 270, "Flat Plate", 0.99, 1.954
"American Solar Wholesale", ASW-275M, "275 W Monocrystalline Module", 275, "Flat Plate", 0.99, 1.954
"American Solar Wholesale", ASW-280M, "280 W Monocrystalline Module", 280, "Flat Plate", 0.99, 1.954
"American Solar Wholesale", ASW-280P, "280 W Polycrystalline Module", 280, "Flat Plate", 0.99, 1.954
"American Solar Wholesale", ASW-285M, "285 W Monocrystalline Module", 285, "Flat Plate", 0.99, 1.954
"American Solar Wholesale", ASW-285P, "285 W Polycrystalline Module", 285, "Flat Plate", 0.99, 1.954
"American Solar Wholesale", ASW-290M, "290 W Monocrystalline Module", 290, "Flat Plate", 0.99, 1.954
"American Solar Wholesale", ASW-290P, "290 W Polycrystalline Module", 290, "Flat Plate", 0.99, 1.954
"American Solar Wholesale", ASW-295M, "295 W Monocrystalline Module", 295, "Flat Plate", 0.99, 1.954
"American Solar Wholesale", ASW-295P, "295 W Polycrystalline Module", 295, "Flat Plate", 0.99, 1.954
"American Solar Wholesale", ASW-300M, "300 W Monocrystalline Module", 300, "Flat Plate", 0.99, 1.954
"American Solar Wholesale", ASW-300P, "300 W Polycrystalline Module", 300, "Flat Plate", 0.99, 1.954
"American Solar Wholesale", ASW-305P, "305 W Polycrystalline Module", 305, "Flat Plate", 0.99, 1.954
"American Solar Wholesale", ASW-310P, "310 W Polycrystalline Module", 310, "Flat Plate", 0.99, 1.954
"American Solar Wholesale", ASW-315P, "315 W Polycrystalline Module", 315, "Flat Plate", 0.99, 1.954
Brightwatts, BWI-72-P175, "175 W Monocrystalline Module", 175, "Flat Plate", 0.801, 1.595
Brightwatts, BWI-60-M190, "190 W Polycrystalline Module", 190, "Flat Plate", 0.982, 1.638
Brightwatts, BI-156-200W, "200 W Polycrystalline Module", 200, "Flat Plate", 0.99, 1.48
Brightwatts, BWI-60-M200, "200 W Polycrystalline Module", 200, "Flat Plate", 0.982, 1.638
Brightwatts, BWI-60-M220, "220 W Polycrystalline Module", 220, "Flat Plate", 0.982, 1.638
Brightwatts, BWI-96-M220, "220 W Monocrystalline Module", 220, "Flat Plate", 1.061, 1.602
Brightwatts, BWI-60-M225, "225 W Polycrystalline Module", 225, "Flat Plate", 0.982, 1.638
Brightwatts, BWI-96-M225, "225 W Monocrystalline Module", 225, "Flat Plate", 1.061, 1.602
Brightwatts, BWI-60-M230, "230 W Polycrystalline Module", 230, "Flat Plate", 0.982, 1.638
Brightwatts, BWI-96-M230, "230 W Monocrystalline Module", 230, "Flat Plate", 1.061, 1.602
"BYD (Huizhou) Battery", "BYD 120P6-18", "120 W Polycrystalline Module", 120, "Flat Plate", 0.67, 1.476
"BYD (Huizhou) Battery", "BYD 125P6-18", "125 W Polycrystalline Module", 125, "Flat Plate", 0.67, 1.476
"BYD (Huizhou) Battery", "BYD 130P6-18", "130 W Polycrystalline Module", 130, "Flat Plate", 0.67, 1.476
"BYD (Huizhou) Battery", "BYD 135P6-18", "135 W Polycrystalline Module", 135, "Flat Plate", 0.67, 1.476
"BYD (Huizhou) Battery", "BYD 140P6-18", "140 W Polycrystalline Module", 140, "Flat Plate", 0.67, 1.476
"BYD (Huizhou) Battery", "BYD 200P6-30", "200 W Polycrystalline Module", 200, "Flat Plate", 0.985, 1.633
"BYD (Huizhou) Battery", "BYD 205P6-30", "205 W Polycrystalline Module", 205, "Flat Plate", 0.985, 1.633
"BYD (Huizhou) Battery", "BYD 210P6-30", "210 W Polycrystalline Module", 210, "Flat Plate", 0.985, 1.633
"BYD (Huizhou) Battery", "BYD 215P6-30", "215 W Polycrystalline Module", 215, "Flat Plate", 0.985, 1.633
"BYD (Huizhou) Battery", "BYD 220P6-30", "220 W Polycrystalline Module", 220, "Flat Plate", 0.985, 1.633
"BYD (Huizhou) Battery", "BYD 220P6A-30", "220 W Polycrystalline Module", 220, "Flat Plate", 0.992, 1.64
"BYD (Huizhou) Battery", "BYD 225P6-30", "225 W Polycrystalline Module", 225, "Flat Plate", 0.985, 1.633
"BYD (Huizhou) Battery", "BYD 225P6A-30", "225 W Polycrystalline Module", 225, "Flat Plate", 0.992, 1.64
"BYD (Huizhou) Battery", "BYD 230P6-30", "230 W Polycrystalline Module", 230, "Flat Plate", 0.985, 1.633
"BYD (Huizhou) Battery", "BYD 230P6A-30", "230 W Polycrystalline Module", 230, "Flat Plate", 0.992, 1.64
"BYD (Huizhou) Battery", "BYD 235P6-30", "235 W Polycrystalline Module", 235, "Flat Plate", 0.985, 1.633
"BYD (Huizhou) Battery", "BYD 235P6A-30", "235 W Polycrystalline Module", 235, "Flat Plate", 0.992, 1.64
"BYD (Huizhou) Battery", "BYD 235P6C-30", "235 W Polycrystalline Module", 235, "Flat Plate", 0.992, 1.64
"BYD (Huizhou) Battery", "BYD 240P6-30", "240 W Polycrystalline Module", 240, "Flat Plate", 0.992, 1.64
"BYD (Huizhou) Battery", "BYD 240P6-36", "240 W Polycrystalline Module", 240, "Flat Plate", 0.985, 1.95
"BYD (Huizhou) Battery", "BYD 240P6A-30", "240 W Polycrystalline Module", 240, "Flat Plate", 0.992, 1.64
"BYD (Huizhou) Battery", "BYD 240P6C-30", "240 W Polycrystalline Module", 240, "Flat Plate", 0.992, 1.64
"BYD (Huizhou) Battery", "BYD 245P6-36", "245 W Polycrystalline Module", 245, "Flat Plate", 0.985, 1.95
"BYD (Huizhou) Battery", "BYD 245P6A-30", "245 W Polycrystalline Module", 245, "Flat Plate", 0.992, 1.64
"BYD (Huizhou) Battery", "BYD 245P6C-30", "245 W Polycrystalline Module", 245, "Flat Plate", 0.992, 1.64
"BYD (Huizhou) Battery", "BYD 250P6-36", "250 W Polycrystalline Module", 250, "Flat Plate", 0.985, 1.95
"BYD (Huizhou) Battery", "BYD 250P6A-30", "250 W Polycrystalline Module", 250, "Flat Plate", 0.992, 1.64
"BYD (Huizhou) Battery", "BYD 250P6C-30", "250 W Polycrystalline Module", 250, "Flat Plate", 0.992, 1.64
"BYD (Huizhou) Battery", "BYD 255P6-36", "255 W Polycrystalline Module", 255, "Flat Plate", 0.985, 1.95
"BYD (Huizhou) Battery", "BYD 255P6C-30", "255 W Polycrystalline Module", 255, "Flat Plate", 0.992, 1.64
"BYD (Huizhou) Battery", "BYD 260P6-36", "260 W Polycrystalline Module", 260, "Flat Plate", 0.985, 1.95
"BYD (Huizhou) Battery", "BYD 260P6A-36", "260 W Polycrystalline Module", 260, "Flat Plate", 0.992, 1.956
"BYD (Huizhou) Battery", "BYD 265P6-36", "265 W Polycrystalline Module", 265, "Flat Plate", 0.985, 1.95
"BYD (Huizhou) Battery", "BYD 265P6A-36", "265 W Polycrystalline Module", 265, "Flat Plate", 0.992, 1.956
"BYD (Huizhou) Battery", "BYD 270P6-36", "270 W Polycrystalline Module", 270, "Flat Plate", 0.985, 1.95
"BYD (Huizhou) Battery", "BYD 270P6A-36", "270 W Polycrystalline Module", 270, "Flat Plate", 0.992, 1.956
"BYD (Huizhou) Battery", "BYD 275P6-36", "275 W Polycrystalline Module", 275, "Flat Plate", 0.985, 1.95
"BYD (Huizhou) Battery", "BYD 275P6A-36", "275 W Polycrystalline Module", 275, "Flat Plate", 0.992, 1.956
"BYD (Huizhou) Battery", "BYD 280P6-36", "280 W Polycrystalline Module", 280, "Flat Plate", 0.985, 1.95
"BYD (Huizhou) Battery", "BYD 280P6A-36", "280 W Polycrystalline Module", 280, "Flat Plate", 0.992, 1.956
"BYD (Huizhou) Battery", "BYD 280P6C-36", "280 W Polycrystalline Module", 280, "Flat Plate", 0.992, 1.956
"BYD (Huizhou) Battery", "BYD 285P6-36", "285 W Polycrystalline Module", 285, "Flat Plate", 0.985, 1.95
"BYD (Huizhou) Battery", "BYD 285P6A-36", "285 W Polycrystalline Module", 285, "Flat Plate", 0.992, 1.956
"BYD (Huizhou) Battery", "BYD 285P6C-36", "285 W Polycrystalline Module", 285, "Flat Plate", 0.992, 1.956
"BYD (Huizhou) Battery", "BYD 290P6A-36", "290 W Polycrystalline Module", 290, "Flat Plate", 0.992, 1.956
"BYD (Huizhou) Battery", "BYD 290P6C-36", "290 W Polycrystalline Module", 290, "Flat Plate", 0.992, 1.956
"BYD (Huizhou) Battery", "BYD 295P6A-36", "295 W Polycrystalline Module", 295, "Flat Plate", 0.992, 1.956
"BYD (Huizhou) Battery", "BYD 295P6C-36", "295 W Polycrystalline Module", 295, "Flat Plate", 0.992, 1.956
"BYD (Huizhou) Battery", "BYD 300P6A-36", "300 W Polycrystalline Module", 300, "Flat Plate", 0.992, 1.956
"BYD (Huizhou) Battery", "BYD 300P6C-36", "300 W Polycrystalline Module", 300, "Flat Plate", 0.992, 1.956
"BYD (Huizhou) Battery", "BYD 305P6C-36", "305 W Polycrystalline Module", 305, "Flat Plate", 0.992, 1.956
"CA Solar", MS-150M, "150 W Monocrystalline Module", 150, "Flat Plate", 0.808, 1.58
"CA Solar", MS-155M, "155 W Monocrystalline Module", 155, "Flat Plate", 0.808, 1.58
"CA Solar", MS-160M, "160 W Monocrystalline Module", 160, "Flat Plate", 0.808, 1.58
"CA Solar", MS-165M, "165 W Monocrystalline Module", 165, "Flat Plate", 0.808, 1.58
"CA Solar", MS-170M, "170 W Monocrystalline Module", 170, "Flat Plate", 0.808, 1.58
"CA Solar", MS-175M, "175 W Monocrystalline Module", 175, "Flat Plate", 0.808, 1.58
"CA Solar", MS-180M, "180 W Monocrystalline Module", 180, "Flat Plate", 0.808, 1.58
"Canadian Solar Inc.", CS6K-280M, "280 W Monocrystalline Module", 280, "Flat Plate", 0.986, 1.644
"Canadian Solar Inc.", CS6K-285M, "285 W Monocrystalline Module", 285, "Flat Plate", 0.986, 1.644
"Canadian Solar Inc.", CS6K-290M, "290 W Monocrystalline Module", 290, "Flat Plate", 0.986, 1.644
"Canadian Solar Inc.", CS6K-295M, "295 W Monocrystalline Module", 295, "Flat Plate", 0.986, 1.644
"Canadian Solar Inc.", CS6K-300M, "300 W Monocrystalline Module", 300, "Flat Plate", 0.986, 1.644
"Canadian Solar Inc.", CS6K-305M, "305 W Monocrystalline Module", 305, "Flat Plate", 0.986, 1.644
"Canadian Solar Inc.", CS6U-315M, "315 W Monocrystalline Module", 315, "Flat Plate", 0.986, 1.954
"Canadian Solar Inc.", CS6U-320M, "320 W Monocrystalline Module", 320, "Flat Plate", 0.986, 1.954
"Canadian Solar Inc.", CS6X-320P, "320 W Polycrystalline Module", 320, "Flat Plate", 0.976, 1.948
"Canadian Solar Inc.", CS6X-320PN, "320 W Polycrystalline Module", 320, "Flat Plate", 0.976, 1.948
"Canadian Solar Inc.", CS6U-325M, "325 W Monocrystalline Module", 325, "Flat Plate", 0.986, 1.954
"Canadian Solar Inc.", CS6X-325P, "325 W Polycrystalline Module", 325, "Flat Plate", 0.976, 1.948
"Canadian Solar Inc.", CS6X-325PN, "325 W Polycrystalline Module", 325, "Flat Plate", 0.976, 1.948
"Canadian Solar Inc.", CS6U-330M, "330 W Monocrystalline Module", 330, "Flat Plate", 0.986, 1.954
"Canadian Solar Inc.", CS6X-330P, "330 W Polycrystalline Module", 330, "Flat Plate", 0.976, 1.948
"Canadian Solar Inc.", CS6X-330PN, "330 W Polycrystalline Module", 330, "Flat Plate", 0.976, 1.948
"Canadian Solar Inc.", CS6U-335M, "335 W Monocrystalline Module", 335, "Flat Plate", 0.986, 1.954
"Canadian Solar Inc.", CS6U-340M, "340 W Monocrystalline Module", 340, "Flat Plate", 0.986, 1.954
"Canadian Solar Inc.", CS6U-345M, "345 W Monocrystalline Module", 345, "Flat Plate", 0.986, 1.954
"Canadian Solar Inc.", CS6U-350M, "350 W Monocrystalline Module", 350, "Flat Plate", 0.986, 1.954
"Day4 Energy", "Day4 60MC-I 205", "205 W Polycrystalline Module", 205, "Flat Plate", 1.007, 1.644
"Day4 Energy", "Day4 60MC-I 210", "210 W Polycrystalline Module", 210, "Flat Plate", 1.007, 1.644
"Day4 Energy", "Day4 60MC-I 215", "215 W Polycrystalline Module", 215, "Flat Plate", 1.007, 1.644
"Day4 Energy", "Day4 60MC-I 220", "220 W Polycrystalline Module", 220, "Flat Plate", 1.007, 1.644
"Day4 Energy", "Day4 60MC-I 225", "225 W Polycrystalline Module", 225, "Flat Plate", 1.007, 1.644
"Day4 Energy", "Day4 60MC-I 230", "230 W Polycrystalline Module", 230, "Flat Plate", 1.007, 1.644
"Day4 Energy", "Day4 60MC-I 235", "235 W Polycrystalline Module", 235, "Flat Plate", 1.007, 1.644
"Day4 Energy", "Day4 60MC-I 240", "240 W Polycrystalline Module", 240, "Flat Plate", 1.007, 1.644
"Day4 Energy", "Day4 60MC-I 245", "245 W Polycrystalline Module", 245, "Flat Plate", 1.007, 1.644
"Day4 Energy", "Day4 60MC-I 250", "250 W Polycrystalline Module", 250, "Flat Plate", 1.007, 1.644
"DJ Solar", DJS175S125M-72, "175 W Monocrystalline Module", 175, "Flat Plate", 0.808, 1.58
"DJ Solar", DJS180S125M-72, "180 W Monocrystalline Module", 180, "Flat Plate", 0.808, 1.58
"DJ Solar", DJS-T180S6ST, "180 W Monocrystalline Module", 180, "Flat Plate", 0.995, 1.316
"DJ Solar", DJS185S125M-72, "185 W Monocrystalline Module", 185, "Flat Plate", 0.81, 1.58
"DJ Solar", DJS-T185S6ST, "185 W Monocrystalline Module", 185, "Flat Plate", 0.995, 1.316
"DJ Solar", DJS190S125M-72, "190 W Monocrystalline Module", 190, "Flat Plate", 0.81, 1.58
"DJ Solar", DJS-T190S6ST, "190 W Monocrystalline Module", 190, "Flat Plate", 0.995, 1.316
"DJ Solar", DJS195S125M-72, "195 W Monocrystalline Module", 195, "Flat Plate", 0.81, 1.58
"DJ Solar", DJS-T195S648ST, "195 W Monocrystalline Module", 195, "Flat Plate", 0.995, 1.316
"DJ Solar", DJS-T200S648ST, "200 W Monocrystalline Module", 200, "Flat Plate", 0.995, 1.316
"DJ Solar", DJS-T205S6ST, "205 W Monocrystalline Module", 205, "Flat Plate", 0.995, 1.483
"DJ Solar", DJS210S156P-60, "210 W Polycrystalline Module", 210, "Flat Plate", 0.99, 1.63
"DJ Solar", DJS-T210P6PT, "210 W Polycrystalline Module", 210, "Flat Plate", 0.995, 1.646
"DJ Solar", DJS-T210S6ST, "210 W Monocrystalline Module", 210, "Flat Plate", 0.995, 1.483
"DJ Solar", DJS215S156P-60, "215 W Polycrystalline Module", 215, "Flat Plate", 0.99, 1.63
"DJ Solar", DJS-T215P6PT, "215 W Polycrystalline Module", 215, "Flat Plate", 0.995, 1.646
"DJ Solar", DJS-T215S6ST, "215 W Monocrystalline Module", 215, "Flat Plate", 0.995, 1.483
"DJ Solar", DJS220S156P-60, "220 W Polycrystalline Module", 220, "Flat Plate", 0.99, 1.63
"DJ Solar", DJS-T220P6PT, "220 W Polycrystalline Module", 220, "Flat Plate", 0.995, 1.646
"DJ Solar", DJS-T220S6ST, "220 W Monocrystalline Module", 220, "Flat Plate", 0.995, 1.483
"DJ Solar", DJS225S156P-60, "225 W Polycrystalline Module", 225, "Flat Plate", 0.99, 1.63
"DJ Solar", DJS-T225P6PT, "225 W Polycrystalline Module", 225, "Flat Plate", 0.995, 1.646
"DJ Solar", DJS-T225S654ST, "225 W Monocrystalline Module", 225, "Flat Plate", 0.995, 1.483
"DJ Solar", DJS230S156P-60, "230 W Polycrystalline Module", 230, "Flat Plate", 0.99, 1.63
"DJ Solar", DJS-T230P6PT, "230 W Polycrystalline Module", 230, "Flat Plate", 0.995, 1.646
"DJ Solar", DJS235S156P-60, "235 W Polycrystalline Module", 235, "Flat Plate", 0.99, 1.63
"DJ Solar", DJS-T235S6ST, "235 W Monocrystalline Module", 235, "Flat Plate", 0.995, 1.646
"DJ Solar", DJS-TU235PT, "235 W Polycrystalline Module", 235, "Flat Plate", 0.995, 1.646
"DJ Solar", DJS240S156P-60, "240 W Polycrystalline Module", 240, "Flat Plate", 0.99, 1.63
"DJ Solar", DJS-T240P6PT, "240 W Polycrystalline Module", 240, "Flat Plate", 0.995, 1.803
"DJ Solar", DJS-T240PT, "240 W Polycrystalline Module", 240, "Flat Plate", 0.995, 1.646
"DJ Solar", DJS-T240S6ST, "240 W Monocrystalline Module", 240, "Flat Plate", 0.995, 1.646
"DJ Solar", DJS-T250P6PT, "240 W Polycrystalline Module", 240, "Flat Plate", 0.995, 1.803
"DJ Solar", DJS-T245P660PT, "245 W Polycrystalline Module", 245, "Flat Plate", 0.995, 1.646
"DJ Solar", DJS-T245P6PT, "245 W Polycrystalline Module", 245, "Flat Plate", 0.995, 1.803
"DJ Solar", DJS-T245S6ST, "245 W Monocrystalline Module", 245, "Flat Plate", 0.995, 1.646
"DJ Solar", DJS-T250P660PT, "250 W Polycrystalline Module", 250, "Flat Plate", 0.995, 1.646
"DJ Solar", DJS-T250ST, "250 W Monocrystalline Module", 250, "Flat Plate", 0.995, 1.646
"DJ Solar", DJS-T255P666PT, "255 W Polycrystalline Module", 255, "Flat Plate", 0.995, 1.803
"DJ Solar", DJS-T255P6PT, "255 W Polycrystalline Module", 255, "Flat Plate", 0.995, 1.961
"DJ Solar", DJS-T260P666PT, "260 W Polycrystalline Module", 260, "Flat Plate", 0.995, 1.803
"DJ Solar", DJS-T260P6PT, "260 W Polycrystalline Module", 260, "Flat Plate", 0.995, 1.961
"DJ Solar", DJS-T260S6ST, "260 W Monocrystalline Module", 260, "Flat Plate", 0.995, 1.803
"DJ Solar", DJS-T265P666PT, "265 W Polycrystalline Module", 265, "Flat Plate", 0.995, 1.803
"DJ Solar", DJS-T265P6PT, "265 W Polycrystalline Module", 265, "Flat Plate", 0.995, 1.961
"DJ Solar", DJS-T265S666ST, "265 W Monocrystalline Module", 265, "Flat Plate", 0.995, 1.803
"DJ Solar", DJS-T270P666PT, "270 W Polycrystalline Module", 270, "Flat Plate", 0.995, 1.803
"DJ Solar", DJS-T270P6PT, "270 W Polycrystalline Module", 270, "Flat Plate", 0.995, 1.961
"DJ Solar", DJS-T270S666ST, "270 W Monocrystalline Module", 270, "Flat Plate", 0.995, 1.803
"DJ Solar", DJS-T275P6PT, "275 W Polycrystalline Module", 275, "Flat Plate", 0.995, 1.961
"DJ Solar", DJS-T275S666ST, "275 W Monocrystalline Module", 275, "Flat Plate", 0.995, 1.803
"DJ Solar", DJS-T280P6PT, "280 W Polycrystalline Module", 280, "Flat Plate", 0.995, 1.961
"DJ Solar", DJS-T280S6ST, "280 W Monocrystalline Module", 280, "Flat Plate", 0.995, 1.961
"DJ Solar", DJS-T285P6PT, "285 W Polycrystalline Module", 285, "Flat Plate", 0.995, 1.961
"DJ Solar", DJS-T285S6ST, "285 W Monocrystalline Module", 285, "Flat Plate", 0.995, 1.961
"DJ Solar", DJS-T290P672PT, "290 W Polycrystalline Module", 290, "Flat Plate", 0.995, 1.961
"DJ Solar", DJS-T290S6ST, "290 W Monocrystalline Module", 290, "Flat Plate", 0.995, 1.961
"DJ Solar", DJS-T295P672PT, "295 W Polycrystalline Module", 295, "Flat Plate", 0.995, 1.961
"DJ Solar", DJS-T295S6ST, "295 W Monocrystalline Module", 295, "Flat Plate", 0.995, 1.961
"DJ Solar", DJS-T300P672PT, "300 W Polycrystalline Module", 300, "Flat Plate", 0.995, 1.961
"DJ Solar", DJS-T300S6ST, "300 W Monocrystalline Module", 300, "Flat Plate", 0.995, 1.961
"DJ Solar", DJS-T305S6ST, "305 W Monocrystalline Module", 305, "Flat Plate", 0.995, 1.961
E&H, EHS3-228, "228W Monocrystalline Module", 228, "Flat Plate", 0.98, 1.63
E&H, EHS3-230, "230 W Monocrystalline Module", 230, "Flat Plate", 0.98, 1.63
E&H, EHS3-233, "233W Monocrystalline Module", 233, "Flat Plate", 0.98, 1.63
E&H, EHS3-235, "235 W Monocrystalline Module", 235, "Flat Plate", 0.98, 1.63
E&H, EHS3-238, "238W Monocrystalline Module", 238, "Flat Plate", 0.98, 1.63
E&H, EHS3-240, "240 W Monocrystalline Module", 240, "Flat Plate", 0.98, 1.63
E&H, EHS3-243, "243W Monocrystalline Module", 243, "Flat Plate", 0.98, 1.63
E&H, EHS3-245, "245 W Monocrystalline Module", 245, "Flat Plate", 0.98, 1.63
E&H, EHS3-248, "248W Monocrystalline Module", 248, "Flat Plate", 0.98, 1.63
E&H, EHS3-250, "250 W Monocrystalline Module", 250, "Flat Plate", 0.98, 1.63
"Foxconn International", FSM185-D4C0, "185 W Polycrystalline Module", 185, "Flat Plate", 0.996, 1.347
"Foxconn International", FSM190-D4C0, "190 W Polycrystalline Module", 190, "Flat Plate", 0.996, 1.347
"Foxconn International", FSM195-D4C0, "195 W Polycrystalline Module", 195, "Flat Plate", 0.996, 1.347
"Foxconn International", FSM205-D3C0, "205 W Polycrystalline Module", 205, "Flat Plate", 0.996, 1.506
"Foxconn International", FSM210-D3C0, "210 W Polycrystalline Module", 210, "Flat Plate", 0.996, 1.506
"Foxconn International", FSM215-D3C0, "215 W Polycrystalline Module", 215, "Flat Plate", 0.996, 1.506
"Foxconn International", FSM220-D3C0, "220 W Polycrystalline Module", 220, "Flat Plate", 0.996, 1.506
"Foxconn International", FSM225-D3C0, "225 W Polycrystalline Module", 225, "Flat Plate", 0.996, 1.506
"Foxconn International", FSM230-D2C0, "230 W Polycrystalline Module", 230, "Flat Plate", 0.996, 1.665
"Foxconn International", FSM235-D2C0, "235 W Polycrystalline Module", 235, "Flat Plate", 0.996, 1.665
"Foxconn International", FSM240-D2C0, "240 W Polycrystalline Module", 240, "Flat Plate", 0.996, 1.665
"Foxconn International", FSM245-D2C0, "245 W Polycrystalline Module", 245, "Flat Plate", 0.996, 1.665
"Foxconn International", FSM250-D2C0, "250 W Polycrystalline Module", 250, "Flat Plate", 0.996, 1.665
"Foxconn International", FSM275-D1E0, "275 W Polycrystalline Module", 275, "Flat Plate", 0.996, 1.983
"Foxconn International", FSM275-D1F0, "275 W Polycrystalline Module", 275, "Flat Plate", 0.996, 1.983
"Foxconn International", FSM280-D1E0, "280 W Polycrystalline Module", 280, "Flat Plate", 0.996, 1.983
"Foxconn International", FSM280-D1F0, "280 W Polycrystalline Module", 280, "Flat Plate", 0.996, 1.983
"Foxconn International", FSM285-D1E0, "285 W Polycrystalline Module", 285, "Flat Plate", 0.996, 1.983
"Foxconn International", FSM285-D1F0, "285 W Polycrystalline Module", 285, "Flat Plate", 0.996, 1.983
"Foxconn International", FSM290-D1E0, "290 W Polycrystalline Module", 290, "Flat Plate", 0.996, 1.983
"Foxconn International", FSM290-D1F0, "290 W Polycrystalline Module", 290, "Flat Plate", 0.996, 1.983
"Foxconn International", FSM295-D1E0, "295 W Polycrystalline Module", 295, "Flat Plate", 0.996, 1.983
"Foxconn International", FSM295-D1F0, "295 W Polycrystalline Module", 295, "Flat Plate", 0.996, 1.983
"GE Energy", GEPVp-066-G, "66W Polycrystalline Module", 66, "Flat Plate", 0.371, 1.489
"GE Energy", GE80-NA-B, "80 W CIS Thin Film Module", 80, "Flat Plate", 0.59, 1.2
"GE Energy", GE85-NA-B, "85 W CIS Thin Film Module", 85, "Flat Plate", 0.59, 1.2
"GE Energy", GE-CIGS130, "130 W CIS Thin Film Module", 130, "Flat Plate", 0.856, 1.223
"GE Energy", GE-CIGS140, "140 W CIS Thin Film Module", 140, "Flat Plate", 0.856, 1.223
"GE Energy", GE-CIGS145, "145 W CIS Thin Film Module", 145, "Flat Plate", 0.856, 1.223
"GE Energy", GE-CIGS150, "150 W CIS Thin Film Module", 150, "Flat Plate", 0.856, 1.223
"GE Energy", GE-CIGS155, "155 W CIS Thin Film Module", 155, "Flat Plate", 0.856, 1.223
"GE Energy", GEPVp-200-M, "200 W Polycrystalline Module", 200, "Flat Plate", 0.981, 1.485
"GE Energy", GEPVp-205-M, "205 W Polycrystalline Module", 205, "Flat Plate", 0.981, 1.485
"General Energy Solutions", 7C00-6A225, "225 W Polycrystalline Module", 225, "Flat Plate", 0.986, 1.658
"General Energy Solutions", 7C00-6A230, "230 W Polycrystalline Module", 230, "Flat Plate", 0.986, 1.658
"General Energy Solutions", 7C00-6A235, "235 W Polycrystalline Module", 235, "Flat Plate", 0.986, 1.658
"General Energy Solutions", 7E00-6A235, "235 W Monocrystalline Module", 235, "Flat Plate", 0.986, 1.658
"General Energy Solutions", 7C00-6A240, "240 W Polycrystalline Module", 240, "Flat Plate", 0.986, 1.658
"General Energy Solutions", 7E00-6A240, "240 W Monocrystalline Module", 240, "Flat Plate", 0.986, 1.658
"General Energy Solutions", 7C00-6A245, "245 W Polycrystalline Module", 245, "Flat Plate", 0.986, 1.658
"General Energy Solutions", 7E00-6A245, "245 W Monocrystalline Module", 245, "Flat Plate", 0.986, 1.658
"General Energy Solutions", 7E00-6A250, "250 W Monocrystalline Module", 250, "Flat Plate", 0.986, 1.658
"General Energy Solutions", BVM6610P-250, "250 W Polycrystalline Module", 250, "Flat Plate", 0.992, 1.64
"General Energy Solutions", 7E00-6A255, "255 W Monocrystalline Module", 255, "Flat Plate", 0.986, 1.658
"General Energy Solutions", BVM6610P-255, "255 W Polycrystalline Module", 255, "Flat Plate", 0.992, 1.64
"General Energy Solutions", 7E00-6A260, "260 W Monocrystalline Module", 260, "Flat Plate", 0.986, 1.658
"General Energy Solutions", BVM6610M-260, "260 W Monocrystalline Module", 260, "Flat Plate", 0.992, 1.64
"General Energy Solutions", BVM6610P-260, "260 W Polycrystalline Module", 260, "Flat Plate", 0.992, 1.64
"General Energy Solutions", 7E00-6A265, "265 W Monocrystalline Module", 265, "Flat Plate", 0.986, 1.658
"General Energy Solutions", BVM6610M-265, "265 W Monocrystalline Module", 265, "Flat Plate", 0.992, 1.64
"General Energy Solutions", BVM6610P-265, "265 W Polycrystalline Module", 265, "Flat Plate", 0.992, 1.64
"General Energy Solutions", BVM6610M-270, "270 W Monocrystalline Module", 270, "Flat Plate", 0.992, 1.64
"General Energy Solutions", BVM6610P-270, "270 W Polycrystalline Module", 270, "Flat Plate", 0.992, 1.64
"General Energy Solutions", 7C00-6C275, "275 W Polycrystalline Module", 275, "Flat Plate", 0.986, 1.974
"General Energy Solutions", BVM6610M-275, "275 W Monocrystalline Module", 275, "Flat Plate", 0.992, 1.64
"General Energy Solutions", 7C00-6C280, "280 W Polycrystalline Module", 280, "Flat Plate", 0.986, 1.974
"General Energy Solutions", BVM6610M-280, "280 W Monocrystalline Module", 280, "Flat Plate", 0.992, 1.64
"General Energy Solutions", 7C00-6C285, "285 W Polycrystalline Module", 285, "Flat Plate", 0.992, 1.956
"General Energy Solutions", 7E00-6C285, "285 W Monocrystalline Module", 285, "Flat Plate", 0.986, 1.974
"General Energy Solutions", 7C00-6C290, "290 W Polycrystalline Module", 290, "Flat Plate", 0.992, 1.956
"General Energy Solutions", 7E00-6C290, "290 W Monocrystalline Module", 290, "Flat Plate", 0.986, 1.974
"General Energy Solutions", 7C00-6C295, "295 W Polycrystalline Module", 295, "Flat Plate", 0.992, 1.956
"General Energy Solutions", 7E00-6C295, "295 W Monocrystalline Module", 295, "Flat Plate", 0.992, 1.956
"General Energy Solutions", 7C00-6C300, "300 W Polycrystalline Module", 300, "Flat Plate", 0.992, 1.956
"General Energy Solutions", 7E00-6C300, "300 W Monocrystalline Module", 300, "Flat Plate", 0.992, 1.956
"General Energy Solutions", BVM6612P-300, "300 W Polycrystalline Module", 300, "Flat Plate", 0.992, 1.956
"General Energy Solutions", 7C00-6C305, "305 W Polycrystalline Module", 305, "Flat Plate", 0.992, 1.956
"General Energy Solutions", 7E00-6C305, "305 W Monocrystalline Module", 305, "Flat Plate", 0.992, 1.956
"General Energy Solutions", BVM6612P-305, "305 W Polycrystalline Module", 305, "Flat Plate", 0.992, 1.956
"General Energy Solutions", 7C00-6C310, "310 W Polycrystalline Module", 310, "Flat Plate", 0.992, 1.956
"General Energy Solutions", 7E00-6C310, "310 W Monocrystalline Module", 310, "Flat Plate", 0.992, 1.956
"General Energy Solutions", BVM6612M-310, "310 W Monocrystalline Module", 310, "Flat Plate", 0.992, 1.956
"General Energy Solutions", BVM6612P-310, "310 W Polycrystalline Module", 310, "Flat Plate", 0.992, 1.956
"General Energy Solutions", 7E00-6C315, "315 W Monocrystalline Module", 315, "Flat Plate", 0.992, 1.956
"General Energy Solutions", BVM6612M-315, "315 W Monocrystalline Module", 315, "Flat Plate", 0.992, 1.956
"General Energy Solutions", BVM6612P-315, "315 W Polycrystalline Module", 315, "Flat Plate", 0.992, 1.956
"General Energy Solutions", BVM6612M-320, "320 W Monocrystalline Module", 320, "Flat Plate", 0.992, 1.956
"General Energy Solutions", BVM6612P-320, "320 W Polycrystalline Module", 320, "Flat Plate", 0.992, 1.956
"General Energy Solutions", BVM6612M-325, "325 W Monocrystalline Module", 325, "Flat Plate", 0.992, 1.956
"General Energy Solutions", BVM6612P-325, "325 W Polycrystalline Module", 325, "Flat Plate", 0.992, 1.956
"General Energy Solutions", BVM6612M-330, "330 W Monocrystalline Module", 330, "Flat Plate", 0.992, 1.956
"General Energy Solutions", BVM6612M-335, "335 W Monocrystalline Module", 335, "Flat Plate", 0.992, 1.956
"Innotech Solar", ITS210XXXX, "210 W Polycrystalline Module", 210, "Flat Plate", 0.987, 1.637
"Innotech Solar", ITS215XXXX, "215 W Polycrystalline Module", 215, "Flat Plate", 0.987, 1.637
"Innotech Solar", ITS225XXXX, "225 W Polycrystalline Module", 225, "Flat Plate", 0.987, 1.637
"Innotech Solar", ITS230XXXX, "230 W Polycrystalline Module", 230, "Flat Plate", 0.987, 1.637
"Innovosolar International", TEM165M, "165 W Monocrystalline Module", 165, "Flat Plate", 0.809, 1.581
"Innovosolar International", TEM170M, "170 W Monocrystalline Module", 170, "Flat Plate", 0.809, 1.581
"Innovosolar International", TEM175M, "175 W Monocrystalline Module", 175, "Flat Plate", 0.809, 1.581
"Innovosolar International", TEM180M, "180 W Monocrystalline Module", 180, "Flat Plate", 0.809, 1.581
"Instalaciones Pevafersa", IP-VA180, "180 W Monocrystalline Module", 180, "Flat Plate", 0.779, 1.572
"Instalaciones Pevafersa", IP-VAP210, "210 W Polycrystalline Module", 210, "Flat Plate", 0.967, 1.619
"Instalaciones Pevafersa", "IP-220 GG", "220 W Monocrystalline Module", 220, "Flat Plate", 1.137, 1.805
"Instalaciones Pevafersa", "IP-225 GG", "225 W Monocrystalline Module", 225, "Flat Plate", 1.137, 1.805
"Instalaciones Pevafersa", "IP-230 GG", "230 W Monocrystalline Module", 230, "Flat Plate", 1.137, 1.805
"Instalaciones Pevafersa", IP-VAP230, "230 W Polycrystalline Module", 230, "Flat Plate", 0.967, 1.619
"Instalaciones Pevafersa", "IP-235 GG", "235 W Monocrystalline Module", 235, "Flat Plate", 1.137, 1.805
"Luxor Solar", "Solo Line 140M", "140 W Monocrystalline Module", 140, "Flat Plate", 0.676, 1.482
"Luxor Solar", "Solo Line 140P", "140 W Polycrystalline Module", 140, "Flat Plate", 0.676, 1.482
"Luxor Solar", "Solo Line 145M", "145 W Monocrystalline Module", 145, "Flat Plate", 0.676, 1.482
"Luxor Solar", "Solo Line 145P", "145 W Polycrystalline Module", 145, "Flat Plate", 0.676, 1.482
"Luxor Solar", LX-180M/125-72+, "180 W Monocrystalline Module", 180, "Flat Plate", 0.808, 1.58
"Luxor Solar", LX-185M/125-72+, "185 W Monocrystalline Module", 185, "Flat Plate", 0.808, 1.58
"Luxor Solar", LX-190M/125-72+, "190 W Monocrystalline Module", 190, "Flat Plate", 0.808, 1.58
"Luxor Solar", LX-195M/125-72+, "195 W Monocrystalline Module", 195, "Flat Plate", 0.808, 1.58
"Luxor Solar", LX-220P/156-60+, "220 W Polycrystalline Module", 220, "Flat Plate", 0.992, 1.65
"Luxor Solar", LX-225P/156-60+, "225 W Polycrystalline Module", 225, "Flat Plate", 0.992, 1.65
"Luxor Solar", LX-230M/156-60+, "230 W Monocrystalline Module", 230, "Flat Plate", 0.992, 1.65
"Luxor Solar", LX-230P/156-60+, "230 W Polycrystalline Module", 230, "Flat Plate", 0.992, 1.65
"Luxor Solar", LX-235M/156-60+, "235 W Monocrystalline Module", 235, "Flat Plate", 0.992, 1.65
"Luxor Solar", LX-235P/156-60+, "235 W Polycrystalline Module", 235, "Flat Plate", 0.992, 1.65
"Luxor Solar", LX-240M/156-60+, "240 W Monocrystalline Module", 240, "Flat Plate", 0.992, 1.65
"Luxor Solar", LX-240P/156-60+, "240 W Polycrystalline Module", 240, "Flat Plate", 0.992, 1.65
"Luxor Solar", LX-245M/156-60+, "245 W Monocrystalline Module", 245, "Flat Plate", 0.992, 1.65
"Luxor Solar", LX-250M/156-60+, "250 W Monocrystalline Module", 250, "Flat Plate", 0.992, 1.65
"Luxor Solar", LX-255M/156-60+, "255 W Monocrystalline Module", 255, "Flat Plate", 0.992, 1.65
"Luxor Solar", LX-260M/156-60+, "260 W Monocrystalline Module", 260, "Flat Plate", 0.992, 1.65
"Luxor Solar", LX-260M/156-72+, "260 W Monocrystalline Module", 260, "Flat Plate", 0.992, 1.956
"Luxor Solar", LX-260P/156-72+, "260 W Polycrystalline Module", 260, "Flat Plate", 0.992, 1.956
"Luxor Solar", LX-265M/156-60+, "265 W Monocrystalline Module", 265, "Flat Plate", 0.99, 1.64
"Luxor Solar", LX-265M/156-72+, "265 W Monocrystalline Module", 265, "Flat Plate", 0.992, 1.956
"Luxor Solar", LX-265P/156-72+, "265 W Polycrystalline Module", 265, "Flat Plate", 0.992, 1.956
"Luxor Solar", LX-270M/156-60+, "270 W Monocrystalline Module", 270, "Flat Plate", 0.99, 1.64
"Luxor Solar", LX-270M/156-72+, "270 W Monocrystalline Module", 270, "Flat Plate", 0.992, 1.956
"Luxor Solar", LX-270P/156-72+, "270 W Polycrystalline Module", 270, "Flat Plate", 0.992, 1.956
"Luxor Solar", LX-275M/156-60+, "275 W Monocrystalline Module", 275, "Flat Plate", 0.99, 1.64
"Luxor Solar", LX-275M/156-72+, "275 W Monocrystalline Module", 275, "Flat Plate", 0.992, 1.956
"Luxor Solar", LX-275P/156-72+, "275 W Polycrystalline Module", 275, "Flat Plate", 0.992, 1.956
"Luxor Solar", LX-280M/156-60+, "280 W Monocrystalline Module", 280, "Flat Plate", 0.99, 1.64
"Luxor Solar", LX-280M/156-72+, "280 W Monocrystalline Module", 280, "Flat Plate", 0.992, 1.956
"Luxor Solar", LX-280P/156-72+, "280 W Polycrystalline Module", 280, "Flat Plate", 0.992, 1.956
"Luxor Solar", LX-285M/156-60+, "285 W Monocrystalline Module", 285, "Flat Plate", 0.99, 1.64
"Luxor Solar", LX-290M/156-72+, "290 W Monocrystalline Module", 290, "Flat Plate", 0.992, 1.956
"Luxor Solar", LX-290P/156-72+, "290 W Polycrystalline Module", 290, "Flat Plate", 0.992, 1.956
"Luxor Solar", LX-300M/156-72+, "300 W Monocrystalline Module", 300, "Flat Plate", 0.992, 1.956
"Luxor Solar", LX-300P/156-72+, "300 W Polycrystalline Module", 300, "Flat Plate", 0.992, 1.956
"Luxor Solar", LX-320M/156-72+, "320 W Monocrystalline Module", 320, "Flat Plate", 0.99, 1.96
"Luxor Solar", LX-325M/156-72+, "325 W Monocrystalline Module", 325, "Flat Plate", 0.99, 1.96
"Luxor Solar", LX-330M/156-72+, "330 W Monocrystalline Module", 330, "Flat Plate", 0.99, 1.96
"Luxor Solar", LX-335M/156-72+, "335 W Monocrystalline Module", 335, "Flat Plate", 0.99, 1.96
"Mage Solar", "Powertec Plus 180/5 ME", "180 W Monocrystalline Module", 180, "Flat Plate", 0.808, 1.58
"Mage Solar", "Powertec Plus 185/5 MH", "185 W Monocrystalline Module", 185, "Flat Plate", 0.808, 1.58
"Mage Solar", "Powertec Plus 185/5MJB", "185 W Monocrystalline Module", 185, "Flat Plate", 0.808, 1.58
"Mage Solar", "190/5 MR", "190 W Monocrystalline Module", 190, "Flat Plate", 0.808, 1.58
"Mage Solar", "Powertec Plus 190/5MH", "190 W Monocrystalline Module", 190, "Flat Plate", 0.808, 1.58
"Mage Solar", "Powertec Plus 190/5MI", "190 W Monocrystalline Module", 190, "Flat Plate", 0.808, 1.58
"Mage Solar", "Powertec Plus 195/5MH", "195 W Monocrystalline Module", 195, "Flat Plate", 0.808, 1.58
"Mage Solar", "Powertec Plus 200/5MH", "200 W Monocrystalline Module", 200, "Flat Plate", 0.808, 1.58
"Mage Solar", "Powertec Plus 220/6 PH", "220 W Polycrystalline Module", 220, "Flat Plate", 0.992, 1.636
"Mage Solar", "Powertec Plus 220/6PI", "220 W Polycrystalline Module", 220, "Flat Plate", 0.992, 1.65
"Mage Solar", "Powertec Plus 225/6PH", "225 W Polycrystalline Module", 225, "Flat Plate", 0.992, 1.636
"Mage Solar", "Powertec Plus 230/6MI", "230 W Monocrystalline Module", 230, "Flat Plate", 0.992, 1.65
"Mage Solar", "Powertec Plus 230/6MO", "230 W Monocrystalline Module", 230, "Flat Plate", 0.991, 1.65
"Mage Solar", "Powertec Plus 230/6PE", "230 W Polycrystalline Module", 230, "Flat Plate", 0.992, 1.64
"Mage Solar", "Powertec Plus 230/6PF", "230 W Polycrystalline Module", 230, "Flat Plate", 0.992, 1.65
"Mage Solar", "Powertec Plus 230/6PH", "230 W Polycrystalline Module", 230, "Flat Plate", 0.992, 1.636
"Mage Solar", "Powertec Plus 230/6PI", "230 W Polycrystalline Module", 230, "Flat Plate", 0.992, 1.65
"Mage Solar", "Powertec Plus 230/6PJ", "230 W Polycrystalline Module", 230, "Flat Plate", 0.992, 1.655
"Mage Solar", "Powertec Plus 230/6PO", "230 W Polycrystalline Module", 230, "Flat Plate", 0.991, 1.65
"Mage Solar", "235/6 PR", "235 W Polycrystalline Module", 235, "Flat Plate", 0.992, 1.655
"Mage Solar", "Powertec Plus 235/6MF", "235 W Monocrystalline Module", 235, "Flat Plate", 0.992, 1.65
"Mage Solar", "Powertec Plus 235/6MI", "235 W Monocrystalline Module", 235, "Flat Plate", 0.992, 1.65
"Mage Solar", "Powertec Plus 235/6MO", "235 W Monocrystalline Module", 235, "Flat Plate", 0.991, 1.65
"Mage Solar", "Powertec Plus 235/6PE", "235 W Polycrystalline Module", 235, "Flat Plate", 0.992, 1.64
"Mage Solar", "Powertec Plus 235/6PH", "235 W Polycrystalline Module", 235, "Flat Plate", 0.992, 1.636
"Mage Solar", "Powertec Plus 235/6PJ", "235 W Polycrystalline Module", 235, "Flat Plate", 0.992, 1.655
"Mage Solar", "Powertec Plus 235/6PO", "235 W Polycrystalline Module", 235, "Flat Plate", 0.991, 1.65
"Mage Solar", "POWERTEC Plus 240 / 6 PL US", "240 W Polycrystalline Module", 240, "Flat Plate", 0.989, 1.655
"Mage Solar", "Powertec Plus 240/6MF", "240 W Monocrystalline Module", 240, "Flat Plate", 0.992, 1.65
"Mage Solar", "Powertec Plus 240/6MI", "240 W Monocrystalline Module", 240, "Flat Plate", 0.992, 1.65
"Mage Solar", "Powertec Plus 240/6MO", "240 W Monocrystalline Module", 240, "Flat Plate", 0.991, 1.65
"Mage Solar", "Powertec Plus 240/6PE", "240 W Polycrystalline Module", 240, "Flat Plate", 0.992, 1.64
"Mage Solar", "Powertec Plus 240/6PH", "240 W Polycrystalline Module", 240, "Flat Plate", 0.992, 1.636
"Mage Solar", "Powertec Plus 240/6PJ", "240 W Polycrystalline Module", 240, "Flat Plate", 0.992, 1.655
"Mage Solar", "Powertec Plus 240/6PO", "240 W Polycrystalline Module", 240, "Flat Plate", 0.991, 1.65
"Mage Solar", "245/5 MR", "245 W Monocrystalline Module", 245, "Flat Plate", 1.069, 1.58
"Mage Solar", "POWERTEC Plus 245 / 6PL US", "245 W Polycrystalline Module", 245, "Flat Plate", 0.989, 1.655
"Mage Solar", "Powertec Plus 245/6 PL", "245 W Polycrystalline Module", 245, "Flat Plate", 0.984, 1.65
"Mage Solar", "250/5 MR", "250 W Monocrystalline Module", 250, "Flat Plate", 1.069, 1.58
"Mage Solar", "POWERTEC Plus 250 / 6 MN US", "250 W Monocrystalline Module", 250, "Flat Plate", 0.992, 1.644
"Mage Solar", "Powertec Plus 250/6 MH", "250 W Monocrystalline Module", 250, "Flat Plate", 0.992, 1.636
"Mage Solar", "Powertec Plus 250/6 ML", "250 W Monocrystalline Module", 250, "Flat Plate", 0.989, 1.655
"Mage Solar", "Powertec Plus 250/6 PL", "250 W Polycrystalline Module", 250, "Flat Plate", 0.984, 1.65
"Mage Solar", "Powertec Plus 255/6 PL", "255 W Polycrystalline Module", 255, "Flat Plate", 0.984, 1.65
"Mage Solar", "Powertec Plus 275/6 PL", "275 W Polycrystalline Module", 275, "Flat Plate", 0.984, 1.968
"Mage Solar", "Powertec Plus 280/6 PL", "280 W Polycrystalline Module", 280, "Flat Plate", 0.984, 1.968
"Mage Solar", "Powertec Plus 285/6 PL", "285 W Polycrystalline Module", 285, "Flat Plate", 0.984, 1.968
"Mage Solar", "Powertec Plus 290/6 PL", "290 W Polycrystalline Module", 290, "Flat Plate", 0.984, 1.968
"Mage Solar", "Powertec Plus 290/6-72 PH", "290 W Polycrystalline Module", 290, "Flat Plate", 0.992, 1.952
"Mage Solar", "Powertec Plus 295/6 PL", "295 W Polycrystalline Module", 295, "Flat Plate", 0.984, 1.968
"Mage Solar", "Powertec Plus 300/6-72 MH", "300 W Monocrystalline Module", 300, "Flat Plate", 0.992, 1.952
"Mage Solar USA", "Powertec Plus 190/5 MH-US", "190 W Monocrystalline Module", 190, "Flat Plate", 0.808, 1.58
"Mage Solar USA", "Powertec Plus 195/5MH-US", "195 W Monocrystalline Module", 195, "Flat Plate", 0.808, 1.58
"Mage Solar USA", "Powertec Plus 230/6 PH-US", "230 W Polycrystalline Module", 230, "Flat Plate", 0.992, 1.636
"Mage Solar USA", "Powertec Plus 230/6 PL", "230 W Polycrystalline Module", 230, "Flat Plate", 0.989, 1.655
"Mage Solar USA", "Powertec Plus 235/6 ML", "235 W Monocrystalline Module", 235, "Flat Plate", 0.989, 1.655
"Mage Solar USA", "Powertec Plus 235/6 PL", "235 W Polycrystalline Module", 235, "Flat Plate", 0.989, 1.655
"Mage Solar USA", "Powertec Plus 235/6PH-US", "235 W Polycrystalline Module", 235, "Flat Plate", 0.992, 1.636
"Mage Solar USA", "Powertec Plus 240/6 ML", "240 W Monocrystalline Module", 240, "Flat Plate", 0.989, 1.655
"Mage Solar USA", "Powertec Plus 240/6 PL", "240 W Polycrystalline Module", 240, "Flat Plate", 0.989, 1.655
"Mage Solar USA", "Powertec Plus 240/6 PNS", "240 W Polycrystalline Module", 240, "Flat Plate", 0.992, 1.644
"Mage Solar USA", "Powertec Plus 245/6 ML", "245 W Monocrystalline Module", 245, "Flat Plate", 0.989, 1.655
"Mage Solar USA", "Powertec Plus 245/6 MNBS", "245 W Monocrystalline Module", 245, "Flat Plate", 0.992, 1.644
"Mage Solar USA", "Powertec Plus 250/6 MNBS", "250 W Monocrystalline Module", 250, "Flat Plate", 0.992, 1.644
"Mage Solar USA", "Powertec Plus 250/6 MNCS", "250 W Monocrystalline Module", 250, "Flat Plate", 0.982, 1.63
"Mage Solar USA", "Powertec Plus 250/6 MNS", "250 W Monocrystalline Module", 250, "Flat Plate", 0.992, 1.644
"Mage Solar USA", "Powertec Plus 250/6 PL US", "250 W Polycrystalline Module", 250, "Flat Plate", 0.989, 1.655
"Mage Solar USA", "Powertec Plus 255/6 ML", "255 W Monocrystalline Module", 255, "Flat Plate", 0.989, 1.655
"Mage Solar USA", "Powertec Plus 290 / 6-72 PH", "290 W Polycrystalline Module", 290, "Flat Plate", 0.992, 1.952
"Mage Solar USA", "Powertec Plus 300/6 PL", "300 W Polycrystalline Module", 300, "Flat Plate", 0.984, 1.968
"Mitsubishi Electric", PV-UD185HA6, "185 W Polycrystalline Module", 185, "Flat Plate", 0.834, 1.658
"Mitsubishi Electric", PV-UD190HA6, "190 W Polycrystalline Module", 190, "Flat Plate", 0.834, 1.658
"Mitsubishi Electric", PV-UD195HA6, "195 W Polycrystalline Module", 195, "Flat Plate", 0.834, 1.658
"Mitsubishi Electric", PV-MJU235GB, "235 W Monocrystalline Module", 235, "Flat Plate", 0.956, 1.596
"Mitsubishi Electric", PV-MJU240GB, "240 W Monocrystalline Module", 240, "Flat Plate", 0.956, 1.596
"Mitsubishi Electric", PV-MJU245GB, "245 W Monocrystalline Module", 245, "Flat Plate", 0.956, 1.596
"Mitsubishi Electric", PV-MJE265FB, "265 W Monocrystalline Module", 265, "Flat Plate", 0.911, 1.574
"Mitsubishi Electric", PV-MJE270FB, "270 W Monocrystalline Module", 270, "Flat Plate", 0.911, 1.574
"Mitsubishi Electric", PV-MJE275FB, "275 W Monocrystalline Module", 275, "Flat Plate", 0.986, 1.65
"Mitsubishi Electric", PV-MJE275FB-B, "275 W Monocrystalline Module", 275, "Flat Plate", 0.994, 1.657
"Mitsubishi Electric", PV-MJE280FB, "280 W Monocrystalline Module", 280, "Flat Plate", 0.994, 1.657
"Mitsubishi Electric", PV-MJE280FB-B, "280 W Monocrystalline Module", 280, "Flat Plate", 0.994, 1.657
"Moser Baer Photovoltaic", "MBPV CAAP 210", "210 W Polycrystalline Module", 210, "Flat Plate", 0.985, 1.655
"Moser Baer Photovoltaic", "MBPV CAAP BB 210W", "210 W Polycrystalline Module", 210, "Flat Plate", 0.967, 1.637
"Moser Baer Photovoltaic", "MBPV CAAP 215W", "215 W Polycrystalline Module", 215, "Flat Plate", 0.951, 1.587
"Moser Baer Photovoltaic", "MBPV CAAP BB 215W", "215 W Polycrystalline Module", 215, "Flat Plate", 0.967, 1.637
"Moser Baer Photovoltaic", "MBPV CAAP 220", "220 W Polycrystalline Module", 220, "Flat Plate", 0.985, 1.655
"Moser Baer Photovoltaic", "MBPV CAAP BB 220W", "220 W Polycrystalline Module", 220, "Flat Plate", 0.967, 1.637
"Moser Baer Photovoltaic", "MBPV CAAP BB 225W", "225 W Polycrystalline Module", 225, "Flat Plate", 0.967, 1.637
"Moser Baer Photovoltaic", "MBPV CAAP BB 230W", "230 W Polycrystalline Module", 230, "Flat Plate", 0.967, 1.637
"Moser Baer Photovoltaic", "MBPV CAAP BB 235W", "235 W Polycrystalline Module", 235, "Flat Plate", 0.991, 1.661
"Moser Baer Photovoltaic", "MBPV CAAP BB 240W", "240 W Polycrystalline Module", 240, "Flat Plate", 0.991, 1.661
"Moser Baer Photovoltaic", "MBPV CAAP BB 245W", "245 W Polycrystalline Module", 245, "Flat Plate", 0.991, 1.661
"Moser Baer Solar", "MBSL eLITE 60 3x 225", "225 W Polycrystalline Module", 225, "Flat Plate", 0.951, 1.578
"Moser Baer Solar", "MBSL eLITE 60 3x 230", "230 W Polycrystalline Module", 230, "Flat Plate", 0.951, 1.578
"Moser Baer Solar", "MBSL eLITE 60 3x 235", "235 W Polycrystalline Module", 235, "Flat Plate", 0.951, 1.578
"Moser Baer Solar", "MBSL eLITE 60 3x 240", "240 W Polycrystalline Module", 240, "Flat Plate", 0.951, 1.578
"Moser Baer Solar", "MBSL eLITE 60 3x 245", "245 W Polycrystalline Module", 245, "Flat Plate", 0.951, 1.578
"Panasonic Eco Solutions Canada", PE240M-BBB, "240 W Monocrystalline Module", 240, "Flat Plate", 0.991, 1.656
"Panasonic Eco Solutions Canada", PE240P-BBB, "240 W Polycrystalline Module", 240, "Flat Plate", 0.991, 1.656
"Panasonic Eco Solutions Canada", PE245M-BBB, "245 W Monocrystalline Module", 245, "Flat Plate", 0.991, 1.656
"Panasonic Eco Solutions Canada", PE245P-BBB, "245 W Polycrystalline Module", 245, "Flat Plate", 0.991, 1.656
"Panasonic Eco Solutions Canada", PE250M-BBB, "250 W Monocrystalline Module", 250, "Flat Plate", 0.991, 1.656
"Panasonic Eco Solutions Canada", PE250P-BBB, "250 W Polycrystalline Module", 250, "Flat Plate", 0.991, 1.656
"Panasonic Eco Solutions Canada", PE255M-BBB, "255 W Monocrystalline Module", 255, "Flat Plate", 0.991, 1.656
"Panasonic Eco Solutions Canada", PE255P-BBB, "255 W Polycrystalline Module", 255, "Flat Plate", 0.991, 1.656
"Panasonic Eco Solutions Canada", PE260M-BBB, "260 W Monocrystalline Module", 260, "Flat Plate", 0.991, 1.656
"Panasonic Eco Solutions Canada", PE290M-BBB, "290 W Monocrystalline Module", 290, "Flat Plate", 0.991, 1.975
"Panasonic Eco Solutions Canada", PE290P-BBB, "290 W Polycrystalline Module", 290, "Flat Plate", 0.991, 1.975
"Panasonic Eco Solutions Canada", PE295M-BBB, "295 W Monocrystalline Module", 295, "Flat Plate", 0.991, 1.975
"Panasonic Eco Solutions Canada", PE295P-BBB, "295 W Polycrystalline Module", 295, "Flat Plate", 0.991, 1.975
"Panasonic Eco Solutions Canada", PE300M-BBB, "300 W Monocrystalline Module", 300, "Flat Plate", 0.991, 1.975
"Panasonic Eco Solutions Canada", PE300P-BBB, "300 W Polycrystalline Module", 300, "Flat Plate", 0.991, 1.975
"Panasonic Eco Solutions Canada", PE305M-BBB, "305 W Monocrystalline Module", 305, "Flat Plate", 0.991, 1.975
"Panasonic Eco Solutions Canada", PE305P-BBB, "305 W Polycrystalline Module", 305, "Flat Plate", 0.991, 1.975
"Panasonic Eco Solutions Canada", PE310M-BBB, "310 W Monocrystalline Module", 310, "Flat Plate", 0.991, 1.975
"Panasonic Eco Solutions Canada", PE310P-BBB, "310 W Polycrystalline Module", 310, "Flat Plate", 0.991, 1.975
"Panasonic Eco Solutions Canada", PE315M-BBB, "315 W Monocrystalline Module", 315, "Flat Plate", 0.991, 1.975
"Panasonic Eco Solutions Canada", PE320M-BBB, "320 W Monocrystalline Module", 320, "Flat Plate", 0.991, 1.975
"Rare Manufacturing", IW-40-B12345YZZ, "40 W Mono c-Si BIPV roof panel", 40, "Flat Plate", 0.3048, 1.1176
"Realforce Power", RF-215P60, "215 W Polycrystalline Module", 215, "Flat Plate", 0.972, 1.62
"Realforce Power", RF-220P60, "220 W Polycrystalline Module", 220, "Flat Plate", 0.972, 1.62
"Realforce Power", RF-225P60, "225 W Polycrystalline Module", 225, "Flat Plate", 0.972, 1.62
"Realforce Power", RF-230P60, "230 W Polycrystalline Module", 230, "Flat Plate", 0.972, 1.62
"Realforce Power", RF-235P60, "235 W Polycrystalline Module", 235, "Flat Plate", 0.972, 1.62
"Realforce Power", RF-240P60, "240 W Polycrystalline Module", 240, "Flat Plate", 0.972, 1.62
"Realforce Power", RF-245P60, "245 W Polycrystalline Module", 245, "Flat Plate", 0.972, 1.62
"Realforce Power", RF-250P60, "250 W Polycrystalline Module", 250, "Flat Plate", 0.972, 1.62
"Realforce Power", RF-255P72, "255 W Polycrystalline Module", 255, "Flat Plate", 0.972, 1.936
"Realforce Power", RF-260P72, "260 W Polycrystalline Module", 260, "Flat Plate", 0.972, 1.936
"Realforce Power", RF-265P72, "265 W Polycrystalline Module", 265, "Flat Plate", 0.972, 1.936
"Realforce Power", RF-270P72, "270 W Polycrystalline Module", 270, "Flat Plate", 0.972, 1.936
"Realforce Power", RF-275P72, "275 W Polycrystalline Module", 275, "Flat Plate", 0.972, 1.936
"Realforce Power", RF-280P72, "280 W Polycrystalline Module", 280, "Flat Plate", 0.972, 1.936
"Realforce Power", RF-285P72, "285 W Polycrystalline Module", 285, "Flat Plate", 0.972, 1.936
"Realforce Power", RF-290P72, "290 W Polycrystalline Module", 290, "Flat Plate", 0.972, 1.936
"Realforce Power", RF-295P72, "295 W Polycrystalline Module", 295, "Flat Plate", 0.972, 1.936
"RSI Holding", RSI-6M-250M-60, "250 W Monocrystalline Module", 250, "Flat Plate", 0.99, 1.626
"RSI Holding", RSI-6M-255M-60, "255 W Monocrystalline Module", 255, "Flat Plate", 0.99, 1.626
"RSI Holding", RSI-6M-260M-60, "260 W Monocrystalline Module", 260, "Flat Plate", 0.99, 1.626
"RSI Holding", RSI-6M-265M-60, "265 W Monocrystalline Module", 265, "Flat Plate", 0.99, 1.626
"RSI Holding", RSI-6M-270M-60, "270 W Monocrystalline Module", 270, "Flat Plate", 0.99, 1.626
"Saga Solar", S-255M60-B, "255 W Monocrystalline Module", 255, "Flat Plate", 0.992, 1.64
"Saga Solar", S-260M60, "260 W Monocrystalline Module", 260, "Flat Plate", 0.992, 1.64
"Saga Solar", S-260M60-B, "260 W Monocrystalline Module", 260, "Flat Plate", 0.992, 1.64
"Saga Solar", S-265M60, "265 W Monocrystalline Module", 265, "Flat Plate", 0.992, 1.64
"Saga Solar", S-270M60, "270 W Monocrystalline Module", 270, "Flat Plate", 0.992, 1.64
"Saga Solar", S-275M60, "275 W Monocrystalline Module", 275, "Flat Plate", 0.992, 1.64
"Saga Solar", S-280M60, "280 W Monocrystalline Module", 280, "Flat Plate", 0.992, 1.64
"Saga Solar", S-310P72, "310 W Polycrystalline Module", 310, "Flat Plate", 0.992, 1.956
"Saga Solar", S-315P72, "315 W Polycrystalline Module", 315, "Flat Plate", 0.992, 1.956
Sharp, ND-62RU1, "62W Polycrystalline Roof Module", 62, "Flat Plate", 0.396, 1.49
Sharp, ND-62RU1F, "62W Polycrystalline Roof Module", 62, "Flat Plate", 0.396, 1.49
Sharp, ND-62RU2, "62W Polycrystalline Roof Module", 62, "Flat Plate", 0.396, 1.49
Sharp, ND-65RU1F, "65 W Polycrystalline Roof Module", 65, "Flat Plate", 0.396, 1.49
Sharp, ND-123UJF, "123W Polycrystalline Module", 123, "Flat Plate", 0.662, 1.499
Sharp, ND-130UJF, "130 W Polycrystalline Module", 130, "Flat Plate", 0.662, 1.499
Sharp, ND-N2ECU, "142W Polycrystalline Module", 142, "Flat Plate", 0.99, 1.165
Sharp, ND-N2ECUF, "142W Polycrystalline Module", 142, "Flat Plate", 0.99, 1.165
Sharp, ND-162U1F, "162W Polycrystalline Module", 162, "Flat Plate", 0.994, 1.318
Sharp, ND-162U1Y, "162W Polycrystalline Module", 162, "Flat Plate", 0.994, 1.318
Sharp, ND-162U2, "162W Polycrystalline Module", 162, "Flat Plate", 0.994, 1.318
Sharp, NE-165U5, "165 W Polycrystalline Module", 165, "Flat Plate", 0.826, 1.575
Sharp, ND-167U1, "167W Polycrystalline Module", 167, "Flat Plate", 0.994, 1.318
Sharp, ND-167U1F, "167W Polycrystalline Module", 167, "Flat Plate", 0.994, 1.318
Sharp, ND-167U1Y, "167W Polycrystalline Module", 167, "Flat Plate", 0.994, 1.318
Sharp, ND-167U2, "167W Polycrystalline Module", 167, "Flat Plate", 0.994, 1.318
Sharp, ND-167U3A, "167W Polycrystalline Module", 167, "Flat Plate", 0.994, 1.318
Sharp, NE-170U1, "170 W Polycrystalline Module", 170, "Flat Plate", 0.826, 1.575
Sharp, NT-170U1, "170 W Monocrystalline Module", 170, "Flat Plate", 0.826, 1.575
Sharp, NT-175U1, "175 W Monocrystalline Module", 175, "Flat Plate", 0.826, 1.575
Sharp, ND-176U1Y, "176W Polycrystalline Module", 176, "Flat Plate", 0.994, 1.318
Sharp, NT-180U1, "180 W Monocrystalline Module", 180, "Flat Plate", 0.826, 1.575
Sharp, ND-181U1, "181W Polycrystalline Module", 181, "Flat Plate", 0.994, 1.491
Sharp, ND-181U1F, "181W Polycrystalline Module", 181, "Flat Plate", 0.994, 1.491
Sharp, ND-181U2, "181W Polycrystalline Module", 181, "Flat Plate", 0.994, 1.491
Sharp, ND-187U1, "187W Polycrystalline Module", 187, "Flat Plate", 0.994, 1.491
Sharp, ND-187U1F, "187W Polycrystalline Module", 187, "Flat Plate", 0.994, 1.491
Sharp, ND-187U2, "187W Polycrystalline Module", 187, "Flat Plate", 0.994, 1.491
Sharp, ND-198U1F, "198W Polycrystalline Module", 198, "Flat Plate", 0.994, 1.491
Sharp, ND-200U1, "200 W Polycrystalline Module", 200, "Flat Plate", 0.994, 1.64
Sharp, ND-200U1F, "200 W Polycrystalline Module", 200, "Flat Plate", 0.994, 1.64
Sharp, ND-200U2, "200 W Polycrystalline Module", 200, "Flat Plate", 0.994, 1.64
Sharp, ND-208U1, "208W Polycrystalline Module", 208, "Flat Plate", 0.994, 1.64
Sharp, ND-208U1F, "208W Polycrystalline Module", 208, "Flat Plate", 0.994, 1.64
Sharp, ND-208U2, "208W Polycrystalline Module", 208, "Flat Plate", 0.994, 1.64
Sharp, ND-208UCJ, "208W Polycrystalline module", 208, "Flat Plate", 0.972, 1.618
Sharp, ND-216QCJ, "216W Polycrystalline Module", 216, "Flat Plate", 0.972, 1.618
Sharp, ND-216U1F, "216W Polycrystalline Module", 216, "Flat Plate", 0.994, 1.64
Sharp, ND-216U2, "216W Polycrystalline Module", 216, "Flat Plate", 0.994, 1.64
Sharp, ND-216UCJ, "216W Polycrystalline Module", 216, "Flat Plate", 0.972, 1.618
Sharp, ND-220U1F, "220 W Polycrystalline Module", 220, "Flat Plate", 0.994, 1.64
Sharp, ND-220UCJ, "220 W Polycrystalline module", 220, "Flat Plate", 0.972, 1.618
Sharp, ND-224QCJ, "224W Polycrystalline Module", 224, "Flat Plate", 0.972, 1.618
Sharp, ND-224U1F, "224W Polycrystalline Module", 224, "Flat Plate", 0.994, 1.64
Sharp, ND-224UC1, "224W Polycrystalline Module", 224, "Flat Plate", 0.972, 1.618
Sharp, ND-224UCJ, "224W Polycrystalline Module", 224, "Flat Plate", 0.972, 1.618
Sharp, ND-230QCJ, "230 W Polycrystalline Module", 230, "Flat Plate", 0.972, 1.618
Sharp, ND-230UC1, "230 W Polycrystalline Module", 230, "Flat Plate", 0.972, 1.618
Sharp, ND-230UCJ, "230 W Polycrystalline Module", 230, "Flat Plate", 0.972, 1.618
Sharp, ND-H230Q2, "230 W Polycrystalline Module", 230, "Flat Plate", 0.972, 1.618
Sharp, ND-L230Q1, "230 W Polycrystalline Module", 230, "Flat Plate", 0.994, 1.64
Sharp, ND-L230Q2, "230 W Polycrystalline Module", 230, "Flat Plate", 0.972, 1.618
Sharp, ND-Q230C5, "230 W Polycrystalline Module", 230, "Flat Plate", 0.972, 1.618
Sharp, ND-Q230Q2, "230 W Polycrystalline Module", 230, "Flat Plate", 0.972, 1.618
Sharp, ND-U230C1, "230 W Polycrystalline Module", 230, "Flat Plate", 0.994, 1.64
Sharp, ND-U230Q1, "230 W Polycrystalline Module", 230, "Flat Plate", 0.994, 1.64
Sharp, ND-U230Q2, "230 W Polycrystalline Module", 230, "Flat Plate", 0.972, 1.618
Sharp, ND-V230A1, "230 W Polycrystalline Module", 230, "Flat Plate", 0.994, 1.64
Sharp, NU-Q230F4, "230 W Monocrystalline Module", 230, "Flat Plate", 0.972, 1.618
Sharp, NU-U230F4, "230 W Monocrystalline Module", 230, "Flat Plate", 0.972, 1.618
Sharp, ND-235QCJ, "235 W Polycrystalline Module", 235, "Flat Plate", 0.994, 1.64
Sharp, ND-H235Q2, "235 W Polycrystalline Module", 235, "Flat Plate", 0.972, 1.618
Sharp, ND-L235Q1, "235 W Polycrystalline Module", 235, "Flat Plate", 0.994, 1.64
Sharp, ND-L235Q2, "235 W Polycrystalline Module", 235, "Flat Plate", 0.972, 1.618
Sharp, ND-Q235C5, "235 W Polycrystalline Module", 235, "Flat Plate", 0.972, 1.618
Sharp, ND-Q235Q2, "235 W Polycrystalline Module", 235, "Flat Plate", 0.972, 1.618
Sharp, ND-U235Q1, "235 W Polycrystalline Module", 235, "Flat Plate", 0.994, 1.64
Sharp, ND-U235Q2, "235 W Polycrystalline Module", 235, "Flat Plate", 0.972, 1.618
Sharp, NU-Q235F2, "235 W Monocrystalline Module", 235, "Flat Plate", 0.972, 1.618
Sharp, NU-Q235F4, "235 W Monocrystalline Module", 235, "Flat Plate", 0.972, 1.618
Sharp, NU-U235F2, "235 W Monocrystalline Module", 235, "Flat Plate", 0.972, 1.618
Sharp, NU-U235F4, "235 W Monocrystalline Module", 235, "Flat Plate", 0.972, 1.618
Sharp, ND-240QCJ, "240 W Polycrystalline Module", 240, "Flat Plate", 0.994, 1.64
Sharp, ND-H240Q2, "240 W Polycrystalline Module", 240, "Flat Plate", 0.972, 1.618
Sharp, ND-L240Q2, "240 W Polycrystalline Module", 240, "Flat Plate", 0.972, 1.618
Sharp, ND-Q240Q2, "240 W Polycrystalline Module", 240, "Flat Plate", 0.972, 1.618
Sharp, ND-U240Q2, "240 W Polycrystalline Module", 240, "Flat Plate", 0.972, 1.618
Sharp, NU-Q240F2, "240 W Monocrystalline Module", 240, "Flat Plate", 0.972, 1.618
Sharp, NU-U240F2, "240 W Monocrystalline Module", 240, "Flat Plate", 0.972, 1.618
Sharp, NU-U240P2, "240 W Monocrystalline Module", 240, "Flat Plate", 0.972, 1.618
Sharp, ND-245QCJ, "245 W Polycrystalline Module", 245, "Flat Plate", 0.994, 1.64
Sharp, ND-245QCS, "245 W Polycrystalline Module", 245, "Flat Plate", 0.994, 1.64
Sharp, ND-H245Q2, "245 W Polycrystalline Module", 245, "Flat Plate", 0.972, 1.618
Sharp, ND-L245Q2, "245 W Polycrystalline Module", 245, "Flat Plate", 0.972, 1.618
Sharp, ND-Q245Q2, "245 W Polycrystalline Module", 245, "Flat Plate", 0.972, 1.618
Sharp, ND-U245Q2, "245 W Polycrystalline Module", 245, "Flat Plate", 0.972, 1.618
Sharp, NU-U245P2, "245 W Monocrystalline Module", 245, "Flat Plate", 0.972, 1.618
Sharp, ND-250QCS, "250 W Polycrystalline Module", 250, "Flat Plate", 0.994, 1.64
Sharp, ND-F4Q295, "295 W Polycrystalline Module", 295, "Flat Plate", 0.985, 1.962
Sharp, ND-F4Q300, "300 W Polycrystalline Module", 300, "Flat Plate", 0.985, 1.962
"Sunspark Technology", SMX-245P, "245 W Polycrystalline Module", 245, "Flat Plate", 0.997, 1.65
"Sunspark Technology", SMX-250P, "250 W Polycrystalline Module", 250, "Flat Plate", 0.997, 1.65
"Sunspark Technology", SMX-255P, "255 W Polycrystalline Module", 255, "Flat Plate", 0.997, 1.65
"Sunspark Technology", SMX-260P, "260 W Polycrystalline Module", 260, "Flat Plate", 0.997, 1.65
"Sunspark Technology", SMX-265P, "265 W Polycrystalline Module", 265, "Flat Plate", 0.997, 1.65
"Sunspark Technology", SST-275M, "275 W Monocrystalline Module", 275, "Flat Plate", 0.997, 1.65
"Sunspark Technology", SST-280M, "280 W Monocrystalline Module", 280, "Flat Plate", 0.997, 1.65
"Sunspark Technology", SST-285M, "285 W Monocrystalline Module", 285, "Flat Plate", 0.997, 1.65
"Sunspark Technology", SST-290M, "290 W Monocrystalline Module", 290, "Flat Plate", 0.997, 1.65
"Sunspark Technology", SST-295M, "295 W Monocrystalline Module", 295, "Flat Plate", 0.997, 1.65
"Sunspark Technology", SST-300M, "300 W Monocrystalline Module", 300, "Flat Plate", 0.997, 1.65
Topsun, TS-M250NA1, "250 W Polycrystalline Module", 250, "Flat Plate", 0.988, 1.64
Topsun, TS-S250SA1, "250 W Monocrystalline Module", 250, "Flat Plate", 0.988, 1.64
Topsun, TS-S250SA1K, "250 W Monocrystalline Module", 250, "Flat Plate", 0.988, 1.64
Topsun, TS-S250TA1, "250 W Monocrystalline Module", 250, "Flat Plate", 0.988, 1.64
Topsun, TS-M251NA1, "251W Polycrystalline Module", 251, "Flat Plate", 0.988, 1.64
Topsun, TS-S251SA1K, "251W Monocrystalline Module", 251, "Flat Plate", 0.988, 1.64
Topsun, TS-S251TA1, "251W Monocrystalline Module", 251, "Flat Plate", 0.988, 1.64
Topsun, TS-M252NA1, "252W Polycrystalline Module", 252, "Flat Plate", 0.988, 1.64
Topsun, TS-S252SA1K, "252W Monocrystalline Module", 252, "Flat Plate", 0.988, 1.64
Topsun, TS-S252TA1, "252W Monocrystalline Module", 252, "Flat Plate", 0.988, 1.64
Topsun, TS-S253SA1K, "253W Monocrystalline Module", 253, "Flat Plate", 0.988, 1.64
Topsun, TS-S253TA1, "253W Monocrystalline Module", 253, "Flat Plate", 0.988, 1.64
Topsun, TS-S254SA1K, "254W Monocrystalline Module", 254, "Flat Plate", 0.988, 1.64
Topsun, TS-S254TA1, "254W Monocrystalline Module", 254, "Flat Plate", 0.988, 1.64
Topsun, TS-S255SA1, "255 W Monocrystalline Module", 255, "Flat Plate", 0.988, 1.64
Topsun, TS-S255SA1K, "255 W Monocrystalline Module", 255, "Flat Plate", 0.988, 1.64
Topsun, TS-S255TA1, "255 W Monocrystalline Module", 255, "Flat Plate", 0.988, 1.64
Topsun, TS-S256SA1K, "256W Monocrystalline Module", 256, "Flat Plate", 0.988, 1.64
Topsun, TS-S256TA1, "256W Monocrystalline Module", 256, "Flat Plate", 0.988, 1.64
Topsun, TS-S257SA1K, "257W Monocrystalline Module", 257, "Flat Plate", 0.988, 1.64
Topsun, TS-S257TA1, "257W Monocrystalline Module", 257, "Flat Plate", 0.988, 1.64
Topsun, TS-S258SA1K, "258W Monocrystalline Module", 258, "Flat Plate", 0.988, 1.64
Topsun, TS-S258TA1, "258W Monocrystalline Module", 258, "Flat Plate", 0.988, 1.64
Topsun, TS-S259SA1K, "259W Monocrystalline Module", 259, "Flat Plate", 0.988, 1.64
Topsun, TS-S259TA1, "259W Monocrystalline Module", 259, "Flat Plate", 0.988, 1.64
Topsun, TS-S260SA1, "260 W Monocrystalline Module", 260, "Flat Plate", 0.988, 1.64
Topsun, TS-S260SA1K, "260 W Monocrystalline Module", 260, "Flat Plate", 0.988, 1.64
Topsun, TS-S260TA1, "260 W Monocrystalline Module", 260, "Flat Plate", 0.988, 1.64
Topsun, TS-S261SA1K, "261W Monocrystalline Module", 261, "Flat Plate", 0.988, 1.64
Topsun, TS-S261TA1, "261W Monocrystalline Module", 261, "Flat Plate", 0.988, 1.64
Topsun, TS-S262SA1K, "262W Monocrystalline Module", 262, "Flat Plate", 0.988, 1.64
Topsun, TS-S262TA1, "262W Monocrystalline Module", 262, "Flat Plate", 0.988, 1.64
Topsun, TS-S286SA1K, "286W Monocrystalline Module", 286, "Flat Plate", 0.988, 1.96
Topsun, TS-S287SA1K, "287W Monocrystalline Module", 287, "Flat Plate", 0.988, 1.96
Topsun, TS-S288SA1K, "288W Monocrystalline Module", 288, "Flat Plate", 0.988, 1.96
Topsun, TS-S289SA1K, "289W Monocrystalline Module", 289, "Flat Plate", 0.988, 1.96
Topsun, TS-S290SA1K, "290 W Monocrystalline Module", 290, "Flat Plate", 0.988, 1.96
Topsun, TS-S291SA1K, "291W Monocrystalline Module", 291, "Flat Plate", 0.988, 1.96
Topsun, TS-S292SA1K, "292W Monocrystalline Module", 292, "Flat Plate", 0.988, 1.96
Topsun, TS-S293SA1K, "293W Monocrystalline Module", 293, "Flat Plate", 0.988, 1.96
Topsun, TS-S294SA1K, "294W Monocrystalline Module", 294, "Flat Plate", 0.988, 1.96
Topsun, TS-S295SA1K, "295 W Monocrystalline Module", 295, "Flat Plate", 0.988, 1.96
Topsun, TS-S296SA1K, "296W Monocrystalline Module", 296, "Flat Plate", 0.988, 1.96
Topsun, TS-S297SA1K, "297W Monocrystalline Module", 297, "Flat Plate", 0.988, 1.96
Topsun, TS-S298SA1K, "298W Monocrystalline Module", 298, "Flat Plate", 0.988, 1.96
Topsun, TS-S299SA1K, "299W Monocrystalline Module", 299, "Flat Plate", 0.988, 1.96
Topsun, TS-S300SA1, "300 W Monocrystalline Module", 300, "Flat Plate", 0.988, 1.96
Topsun, TS-S300SA1K, "300 W Monocrystalline Module", 300, "Flat Plate", 0.988, 1.96
Topsun, TS-S301SA1K, "301W Monocrystalline Module", 301, "Flat Plate", 0.988, 1.96
Topsun, TS-S302SA1K, "302W Monocrystalline Module", 302, "Flat Plate", 0.988, 1.96
Topsun, TS-S303SA1K, "303W Monocrystalline Module", 303, "Flat Plate", 0.988, 1.96
Topsun, TS-S304SA1K, "304W Monocrystalline Module", 304, "Flat Plate", 0.988, 1.96
Topsun, TS-S305SA1, "305 W Monocrystalline Module", 305, "Flat Plate", 0.988, 1.96
Topsun, TS-S305SA1K, "305 W Monocrystalline Module", 305, "Flat Plate", 0.988, 1.96
Topsun, TS-S306SA1K, "306W Monocrystalline Module", 306, "Flat Plate", 0.988, 1.96
Topsun, TS-S307SA1K, "307W Monocrystalline Module", 307, "Flat Plate", 0.988, 1.96
Topsun, TS-S308SA1K, "308W Monocrystalline Module", 308, "Flat Plate", 0.988, 1.96
Topsun, TS-S309SA1K, "309W Monocrystalline Module", 309, "Flat Plate", 0.988, 1.96
Topsun, TS-S310SA1, "310 W Monocrystalline Module", 310, "Flat Plate", 0.988, 1.96
Topsun, TS-S310SA1K, "310 W Monocrystalline Module", 310, "Flat Plate", 0.988, 1.96
Topsun, TS-S311SA1K, "311W Monocrystalline Module", 311, "Flat Plate", 0.988, 1.96
Topsun, TS-S312SA1K, "312W Monocrystalline Module", 312, "Flat Plate", 0.988, 1.96
Topsun, TS-S313SA1K, "313W Monocrystalline Module", 313, "Flat Plate", 0.988, 1.96
Topsun, TS-S314SA1K, "314W Monocrystalline Module", 314, "Flat Plate", 0.988, 1.96
Topsun, TS-S356TA1, "356W Monocrystalline Module", 356, "Flat Plate", 1.308, 1.96
Topsun, TS-S357TA1, "357W Monocrystalline Module", 357, "Flat Plate", 1.308, 1.96
Topsun, TS-S358TA1, "358W Monocrystalline Module", 358, "Flat Plate", 1.308, 1.96
Topsun, TS-S359TA1, "359W Monocrystalline Module", 359, "Flat Plate", 1.308, 1.96
Topsun, TS-S360TA1, "360 W Monocrystalline Module", 360, "Flat Plate", 1.308, 1.96
Topsun, TS-M361NA1, "361W Polycrystalline Module", 361, "Flat Plate", 1.308, 1.96
Topsun, TS-S361TA1, "361W Monocrystalline Module", 361, "Flat Plate", 1.308, 1.96
Topsun, TS-M362NA1, "362W Polycrystalline Module", 362, "Flat Plate", 1.308, 1.96
Topsun, TS-S362TA1, "362W Monocrystalline Module", 362, "Flat Plate", 1.308, 1.96
Topsun, TS-M363NA1, "363W Polycrystalline Module", 363, "Flat Plate", 1.308, 1.96
Topsun, TS-S363TA1, "363W Monocrystalline Module", 363, "Flat Plate", 1.308, 1.96
Topsun, TS-M364NA1, "364W Polycrystalline Module", 364, "Flat Plate", 1.308, 1.96
Topsun, TS-S364TA1, "364W Monocrystalline Module", 364, "Flat Plate", 1.308, 1.96
Topsun, TS-M365NA1, "365 W Polycrystalline Module", 365, "Flat Plate", 1.308, 1.96
Topsun, TS-S365TA1, "365 W Monocrystalline Module", 365, "Flat Plate", 1.308, 1.96
Topsun, TS-M366NA1, "366W Polycrystalline Module", 366, "Flat Plate", 1.308, 1.96
Topsun, TS-S366TA1, "366W Monocrystalline Module", 366, "Flat Plate", 1.308, 1.96
Topsun, TS-M367NA1, "367W Polycrystalline Module", 367, "Flat Plate", 1.308, 1.96
Topsun, TS-S367TA1, "367W Monocrystalline Module", 367, "Flat Plate", 1.308, 1.96
Topsun, TS-M368NA1, "368W Polycrystalline Module", 368, "Flat Plate", 1.308, 1.96
Topsun, TS-S368TA1, "368W Monocrystalline Module", 368, "Flat Plate", 1.308, 1.96
Topsun, TS-M369NA1, "369W Polycrystalline Module", 369, "Flat Plate", 1.308, 1.96
Topsun, TS-S369TA1, "369W Monocrystalline Module", 369, "Flat Plate", 1.308, 1.96
Topsun, TS-M370NA1, "370 W Polycrystalline Module", 370, "Flat Plate", 1.308, 1.96
Topsun, TS-S370, "370 W Monocrystalline Module", 370, "Flat Plate", 1.308, 1.96
Topsun, TS-S370TA1, "370 W Monocrystalline Module", 370, "Flat Plate", 1.308, 1.96
Topsun, TS-M371NA1, "371W Polycrystalline Module", 371, "Flat Plate", 1.308, 1.96
Topsun, TS-S371, "371W Monocrystalline Module", 371, "Flat Plate", 1.308, 1.96
Topsun, TS-S371TA1, "371W Monocrystalline Module", 371, "Flat Plate", 1.308, 1.96
Topsun, TS-M372NA1, "372W Polycrystalline Module", 372, "Flat Plate", 1.308, 1.96
Topsun, TS-S372, "372W Monocrystalline Module", 372, "Flat Plate", 1.308, 1.96
Topsun, TS-S372TA1, "372W Monocrystalline Module", 372, "Flat Plate", 1.308, 1.96
Topsun, TS-M373NA1, "373W Polycrystalline Module", 373, "Flat Plate", 1.308, 1.96
Topsun, TS-S373, "373W Monocrystalline Module", 373, "Flat Plate", 1.308, 1.96
Topsun, TS-S373TA1, "373W Monocrystalline Module", 373, "Flat Plate", 1.308, 1.96
Topsun, TS-M374NA1, "374W Polycrystalline Module", 374, "Flat Plate", 1.308, 1.96
Topsun, TS-S374, "374W Monocrystalline Module", 374, "Flat Plate", 1.308, 1.96
Topsun, TS-S374TA1, "374W Monocrystalline Module", 374, "Flat Plate", 1.308, 1.96
Topsun, TS-M375NA1, "375 W Polycrystalline Module", 375, "Flat Plate", 1.308, 1.96
Topsun, TS-S375, "375 W Monocrystalline Module", 375, "Flat Plate", 1.308, 1.96
Topsun, TS-S375TA1, "375 W Monocrystalline Module", 375, "Flat Plate", 1.308, 1.96
Topsun, TS-M376NA1, "376W Polycrystalline Module", 376, "Flat Plate", 1.308, 1.96
Topsun, TS-S376, "376W Monocrystalline Module", 376, "Flat Plate", 1.308, 1.96
Topsun, TS-S376TA1, "376W Monocrystalline Module", 376, "Flat Plate", 1.308, 1.96
Topsun, TS-M377NA1, "377W Polycrystalline Module", 377, "Flat Plate", 1.308, 1.96
Topsun, TS-S377, "377W Monocrystalline Module", 377, "Flat Plate", 1.308, 1.96
Topsun, TS-S377TA1, "377W Monocrystalline Module", 377, "Flat Plate", 1.308, 1.96
Topsun, TS-M378NA1, "378W Polycrystalline Module", 378, "Flat Plate", 1.308, 1.96
Topsun, TS-S378, "378W Monocrystalline Module", 378, "Flat Plate", 1.308, 1.96
Topsun, TS-S378TA1, "378W Monocrystalline Module", 378, "Flat Plate", 1.308, 1.96
Topsun, TS-M379NA1, "379W Polycrystalline Module", 379, "Flat Plate", 1.308, 1.96
Topsun, TS-S379, "379W Monocrystalline Module", 379, "Flat Plate", 1.308, 1.96
Topsun, TS-S379TA1, "379W Monocrystalline Module", 379, "Flat Plate", 1.308, 1.96
Topsun, TS-M380NA1, "380 W Polycrystalline Module", 380, "Flat Plate", 1.308, 1.96
Topsun, TS-S380, "380 W Monocrystalline Module", 380, "Flat Plate", 1.308, 1.96
Topsun, TS-S380SA1, "380 W Monocrystalline Module", 380, "Flat Plate", 1.308, 1.96
Topsun, TS-S380TA1, "380 W Monocrystalline Module", 380, "Flat Plate", 1.308, 1.96
Topsun, TS-S380VA1, "380 W Monocrystalline Module", 380, "Flat Plate", 1.308, 1.96
Topsun, TS-M381JA1, "381W Polycrystalline Module", 381, "Flat Plate", 1.308, 1.96
Topsun, TS-M381NA1, "381W Polycrystalline Module", 381, "Flat Plate", 1.308, 1.96
Topsun, TS-S381, "381W Monocrystalline Module", 381, "Flat Plate", 1.308, 1.96
Topsun, TS-S381SA1, "381W Monocrystalline Module", 381, "Flat Plate", 1.308, 1.96
Topsun, TS-S381SA1K, "381W Monocrystalline Module", 381, "Flat Plate", 1.308, 1.96
Topsun, TS-S381TA1, "381W Monocrystalline Module", 381, "Flat Plate", 1.308, 1.96
Topsun, TS-S381VA1, "381W Monocrystalline Module", 381, "Flat Plate", 1.308, 1.96
Topsun, TS-M382JA1, "382W Polycrystalline Module", 382, "Flat Plate", 1.308, 1.96
Topsun, TS-M382NA1, "382W Polycrystalline Module", 382, "Flat Plate", 1.308, 1.96
Topsun, TS-S382, "382W Monocrystalline Module", 382, "Flat Plate", 1.308, 1.96
Topsun, TS-S382SA1, "382W Monocrystalline Module", 382, "Flat Plate", 1.308, 1.96
Topsun, TS-S382SA1K, "382W Monocrystalline Module", 382, "Flat Plate", 1.308, 1.96
Topsun, TS-S382TA1, "382W Monocrystalline Module", 382, "Flat Plate", 1.308, 1.96
Topsun, TS-S382VA1, "382W Monocrystalline Module", 382, "Flat Plate", 1.308, 1.96
Topsun, TS-M383JA1, "383W Polycrystalline Module", 383, "Flat Plate", 1.308, 1.96
Topsun, TS-M383NA1, "383W Polycrystalline Module", 383, "Flat Plate", 1.308, 1.96
Topsun, TS-S383, "383W Monocrystalline Module", 383, "Flat Plate", 1.308, 1.96
Topsun, TS-S383SA1, "383W Monocrystalline Module", 383, "Flat Plate", 1.308, 1.96
Topsun, TS-S383SA1K, "383W Monocrystalline Module", 383, "Flat Plate", 1.308, 1.96
Topsun, TS-S383TA1, "383W Monocrystalline Module", 383, "Flat Plate", 1.308, 1.96
Topsun, TS-S383VA1, "383W Monocrystalline Module", 383, "Flat Plate", 1.308, 1.96
Topsun, TS-M384JA1, "384W Polycrystalline Module", 384, "Flat Plate", 1.308, 1.96
Topsun, TS-M384NA1, "384W Polycrystalline Module", 384, "Flat Plate", 1.308, 1.96
Topsun, TS-S384, "384W Monocrystalline Module", 384, "Flat Plate", 1.308, 1.96
Topsun, TS-S384SA1, "384W Monocrystalline Module", 384, "Flat Plate", 1.308, 1.96
Topsun, TS-S384SA1K, "384W Monocrystalline Module", 384, "Flat Plate", 1.308, 1.96
Topsun, TS-S384TA1, "384W Monocrystalline Module", 384, "Flat Plate", 1.308, 1.96
Topsun, TS-S384VA1, "384W Monocrystalline Module", 384, "Flat Plate", 1.308, 1.96
Topsun, TS-M385JA1, "385 W Polycrystalline Module", 385, "Flat Plate", 1.308, 1.96
Topsun, TS-M385NA1, "385 W Polycrystalline Module", 385, "Flat Plate", 1.308, 1.96
Topsun, TS-S385, "385 W Monocrystalline Module", 385, "Flat Plate", 1.308, 1.96
Topsun, TS-S385SA1, "385 W Monocrystalline Module", 385, "Flat Plate", 1.308, 1.96
Topsun, TS-S385SA1K, "385 W Monocrystalline Module", 385, "Flat Plate", 1.308, 1.96
Topsun, TS-S385TA1, "385 W Monocrystalline Module", 385, "Flat Plate", 1.308, 1.96
Topsun, TS-S385VA1, "385 W Monocrystalline Module", 385, "Flat Plate", 1.308, 1.96
Topsun, TS-M386JA1, "386W Polycrystalline Module", 386, "Flat Plate", 1.308, 1.96
Topsun, TS-M386NA1, "386W Polycrystalline Module", 386, "Flat Plate", 1.308, 1.96
Topsun, TS-S386, "386W Monocrystalline Module", 386, "Flat Plate", 1.308, 1.96
Topsun, TS-S386SA1, "386W Monocrystalline Module", 386, "Flat Plate", 1.308, 1.96
Topsun, TS-S386SA1K, "386W Monocrystalline Module", 386, "Flat Plate", 1.308, 1.96
Topsun, TS-S386TA1, "386W Monocrystalline Module", 386, "Flat Plate", 1.308, 1.96
Topsun, TS-S386VA1, "386W Monocrystalline Module", 386, "Flat Plate", 1.308, 1.96
Topsun, TS-M387JA1, "387W Polycrystalline Module", 387, "Flat Plate", 1.308, 1.96
Topsun, TS-M387NA1, "387W Polycrystalline Module", 387, "Flat Plate", 1.308, 1.96
Topsun, TS-S387, "387W Monocrystalline Module", 387, "Flat Plate", 1.308, 1.96
Topsun, TS-S387SA1, "387W Monocrystalline Module", 387, "Flat Plate", 1.308, 1.96
Topsun, TS-S387SA1K, "387W Monocrystalline Module", 387, "Flat Plate", 1.308, 1.96
Topsun, TS-S387TA1, "387W Monocrystalline Module", 387, "Flat Plate", 1.308, 1.96
Topsun, TS-S387VA1, "387W Monocrystalline Module", 387, "Flat Plate", 1.308, 1.96
Topsun, TS-M388JA1, "388W Polycrystalline Module", 388, "Flat Plate", 1.308, 1.96
Topsun, TS-M388NA1, "388W Polycrystalline Module", 388, "Flat Plate", 1.308, 1.96
Topsun, TS-S388, "388W Monocrystalline Module", 388, "Flat Plate", 1.308, 1.96
Topsun, TS-S388SA1, "388W Monocrystalline Module", 388, "Flat Plate", 1.308, 1.96
Topsun, TS-S388SA1K, "388W Monocrystalline Module", 388, "Flat Plate", 1.308, 1.96
Topsun, TS-S388TA1, "388W Monocrystalline Module", 388, "Flat Plate", 1.308, 1.96
Topsun, TS-S388VA1, "388W Monocrystalline Module", 388, "Flat Plate", 1.308, 1.96
Topsun, TS-M389JA1, "389W Polycrystalline Module", 389, "Flat Plate", 1.308, 1.96
Topsun, TS-M389NA1, "389W Polycrystalline Module", 389, "Flat Plate", 1.308, 1.96
Topsun, TS-S389, "389W Monocrystalline Module", 389, "Flat Plate", 1.308, 1.96
Topsun, TS-S389SA1, "389W Monocrystalline Module", 389, "Flat Plate", 1.308, 1.96
Topsun, TS-S389SA1K, "389W Monocrystalline Module", 389, "Flat Plate", 1.308, 1.96
Topsun, TS-S389TA1, "389W Monocrystalline Module", 389, "Flat Plate", 1.308, 1.96
Topsun, TS-S389VA1, "389W Monocrystalline Module", 389, "Flat Plate", 1.308, 1.96
Topsun, TS-M390JA1, "390 W Polycrystalline Module", 390, "Flat Plate", 1.308, 1.96
Topsun, TS-M390NA1, "390 W Polycrystalline Module", 390, "Flat Plate", 1.308, 1.96
Topsun, TS-S390, "390 W Monocrystalline Module", 390, "Flat Plate", 1.308, 1.96
Topsun, TS-S390SA1, "390 W Monocrystalline Module", 390, "Flat Plate", 1.308, 1.96
Topsun, TS-S390SA1K, "390 W Monocrystalline Module", 390, "Flat Plate", 1.308, 1.96
Topsun, TS-S390TA1, "390 W Monocrystalline Module", 390, "Flat Plate", 1.308, 1.96
Topsun, TS-S390VA1, "390 W Monocrystalline Module", 390, "Flat Plate", 1.308, 1.96
Topsun, TS-M391JA1, "391W Polycrystalline Module", 391, "Flat Plate", 1.308, 1.96
Topsun, TS-M391NA1, "391W Polycrystalline Module", 391, "Flat Plate", 1.308, 1.96
Topsun, TS-S391, "391W Monocrystalline Module", 391, "Flat Plate", 1.308, 1.96
Topsun, TS-S391SA1, "391W Monocrystalline Module", 391, "Flat Plate", 1.308, 1.96
Topsun, TS-S391SA1K, "391W Monocrystalline Module", 391, "Flat Plate", 1.308, 1.96
Topsun, TS-S391TA1, "391W Monocrystalline Module", 391, "Flat Plate", 1.308, 1.96
Topsun, TS-S391VA1, "391W Monocrystalline Module", 391, "Flat Plate", 1.308, 1.96
Topsun, TS-M392JA1, "392W Polycrystalline Module", 392, "Flat Plate", 1.308, 1.96
Topsun, TS-M392NA1, "392W Polycrystalline Module", 392, "Flat Plate", 1.308, 1.96
Topsun, TS-S392, "392W Monocrystalline Module", 392, "Flat Plate", 1.308, 1.96
Topsun, TS-S392SA1, "392W Monocrystalline Module", 392, "Flat Plate", 1.308, 1.96
Topsun, TS-S392SA1K, "392W Monocrystalline Module", 392, "Flat Plate", 1.308, 1.96
Topsun, TS-S392TA1, "392W Monocrystalline Module", 392, "Flat Plate", 1.308, 1.96
Topsun, TS-S392VA1, "392W Monocrystalline Module", 392, "Flat Plate", 1.308, 1.96
Topsun, TS-M393JA1, "393W Polycrystalline Module", 393, "Flat Plate", 1.308, 1.96
Topsun, TS-M393NA1, "393W Polycrystalline Module", 393, "Flat Plate", 1.308, 1.96
Topsun, TS-S393, "393W Monocrystalline Module", 393, "Flat Plate", 1.308, 1.96
Topsun, TS-S393SA1, "393W Monocrystalline Module", 393, "Flat Plate", 1.308, 1.96
Topsun, TS-S393SA1K, "393W Monocrystalline Module", 393, "Flat Plate", 1.308, 1.96
Topsun, TS-S393TA1, "393W Monocrystalline Module", 393, "Flat Plate", 1.308, 1.96
Topsun, TS-S393VA1, "393W Monocrystalline Module", 393, "Flat Plate", 1.308, 1.96
Topsun, TS-M394JA1, "394W Polycrystalline Module", 394, "Flat Plate", 1.308, 1.96
Topsun, TS-M394NA1, "394W Polycrystalline Module", 394, "Flat Plate", 1.308, 1.96
Topsun, TS-S394, "394W Monocrystalline Module", 394, "Flat Plate", 1.308, 1.96
Topsun, TS-S394SA1, "394W Monocrystalline Module", 394, "Flat Plate", 1.308, 1.96
Topsun, TS-S394SA1K, "394W Monocrystalline Module", 394, "Flat Plate", 1.308, 1.96
Topsun, TS-S394TA1, "394W Monocrystalline Module", 394, "Flat Plate", 1.308, 1.96
Topsun, TS-S394VA1, "394W Monocrystalline Module", 394, "Flat Plate", 1.308, 1.96
Topsun, TS-M395JA1, "395 W Polycrystalline Module", 395, "Flat Plate", 1.308, 1.96
Topsun, TS-M395NA1, "395 W Polycrystalline Module", 395, "Flat Plate", 1.308, 1.96
Topsun, TS-S395, "395 W Monocrystalline Module", 395, "Flat Plate", 1.308, 1.96
Topsun, TS-S395SA1, "395 W Monocrystalline Module", 395, "Flat Plate", 1.308, 1.96
Topsun, TS-S395SA1K, "395 W Monocrystalline Module", 395, "Flat Plate", 1.308, 1.96
Topsun, TS-S395TA1, "395 W Monocrystalline Module", 395, "Flat Plate", 1.308, 1.96
Topsun, TS-S395VA1, "395 W Monocrystalline Module", 395, "Flat Plate", 1.308, 1.96
Topsun, TS-M396JA1, "396W Polycrystalline Module", 396, "Flat Plate", 1.308, 1.96
Topsun, TS-M396NA1, "396W Polycrystalline Module", 396, "Flat Plate", 1.308, 1.96
Topsun, TS-S396, "396W Monocrystalline Module", 396, "Flat Plate", 1.308, 1.96
Topsun, TS-S396SA1, "396W Monocrystalline Module", 396, "Flat Plate", 1.308, 1.96
Topsun, TS-S396SA1K, "396W Monocrystalline Module", 396, "Flat Plate", 1.308, 1.96
Topsun, TS-S396TA1, "396W Monocrystalline Module", 396, "Flat Plate", 1.308, 1.96
Topsun, TS-S396VA1, "396W Monocrystalline Module", 396, "Flat Plate", 1.308, 1.96
Topsun, TS-M397JA1, "397W Polycrystalline Module", 397, "Flat Plate", 1.308, 1.96
Topsun, TS-M397NA1, "397W Polycrystalline Module", 397, "Flat Plate", 1.308, 1.96
Topsun, TS-S397, "397W Monocrystalline Module", 397, "Flat Plate", 1.308, 1.96
Topsun, TS-S397SA1, "397W Monocrystalline Module", 397, "Flat Plate", 1.308, 1.96
Topsun, TS-S397SA1K, "397W Monocrystalline Module", 397, "Flat Plate", 1.308, 1.96
Topsun, TS-S397TA1, "397W Monocrystalline Module", 397, "Flat Plate", 1.308, 1.96
Topsun, TS-S397VA1, "397W Monocrystalline Module", 397, "Flat Plate", 1.308, 1.96
Topsun, TS-M398JA1, "398W Polycrystalline Module", 398, "Flat Plate", 1.308, 1.96
Topsun, TS-M398NA1, "398W Polycrystalline Module", 398, "Flat Plate", 1.308, 1.96
Topsun, TS-S398, "398W Monocrystalline Module", 398, "Flat Plate", 1.308, 1.96
Topsun, TS-S398SA1, "398W Monocrystalline Module", 398, "Flat Plate", 1.308, 1.96
Topsun, TS-S398SA1K, "398W Monocrystalline Module", 398, "Flat Plate", 1.308, 1.96
Topsun, TS-S398TA1, "398W Monocrystalline Module", 398, "Flat Plate", 1.308, 1.96
Topsun, TS-S398VA1, "398W Monocrystalline Module", 398, "Flat Plate", 1.308, 1.96
Topsun, TS-M399JA1, "399W Polycrystalline Module", 399, "Flat Plate", 1.308, 1.96
Topsun, TS-M399NA1, "399W Polycrystalline Module", 399, "Flat Plate", 1.308, 1.96
Topsun, TS-S399, "399W Monocrystalline Module", 399, "Flat Plate", 1.308, 1.96
Topsun, TS-S399SA1, "399W Monocrystalline Module", 399, "Flat Plate", 1.308, 1.96
Topsun, TS-S399SA1K, "399W Monocrystalline Module", 399, "Flat Plate", 1.308, 1.96
Topsun, TS-S399TA1, "399W Monocrystalline Module", 399, "Flat Plate", 1.308, 1.96
Topsun, TS-S399VA1, "399W Monocrystalline Module", 399, "Flat Plate", 1.308, 1.96
Topsun, TS-M400JA1, "400 W Polycrystalline Module", 400, "Flat Plate", 1.308, 1.96
Topsun, TS-S400, "400 W Monocrystalline Module", 400, "Flat Plate", 1.308, 1.96
Topsun, TS-S400SA1, "400 W Monocrystalline Module", 400, "Flat Plate", 1.308, 1.96
Topsun, TS-S400SA1K, "400 W Monocrystalline Module", 400, "Flat Plate", 1.308, 1.96
Topsun, TS-S400TA1, "400 W Monocrystalline Module", 400, "Flat Plate", 1.308, 1.96
Topsun, TS-S400VA1, "400 W Monocrystalline Module", 400, "Flat Plate", 1.308, 1.96
Topsun, TS-M401JA1, "401W Polycrystalline Module", 401, "Flat Plate", 1.308, 1.96
Topsun, TS-S401, "401W Monocrystalline Module", 401, "Flat Plate", 1.308, 1.96
Topsun, TS-S401SA1, "401W Monocrystalline Module", 401, "Flat Plate", 1.308, 1.96
Topsun, TS-S401SA1K, "401W Monocrystalline Module", 401, "Flat Plate", 1.308, 1.96
Topsun, TS-S401TA1, "401W Monocrystalline Module", 401, "Flat Plate", 1.308, 1.96
Topsun, TS-S401VA1, "401W Monocrystalline Module", 401, "Flat Plate", 1.308, 1.96
Topsun, TS-M402JA1, "402W Polycrystalline Module", 402, "Flat Plate", 1.308, 1.96
Topsun, TS-S402, "402W Monocrystalline Module", 402, "Flat Plate", 1.308, 1.96
Topsun, TS-S402SA1, "402W Monocrystalline Module", 402, "Flat Plate", 1.308, 1.96
Topsun, TS-S402SA1K, "402W Monocrystalline Module", 402, "Flat Plate", 1.308, 1.96
Topsun, TS-S402TA1, "402W Monocrystalline Module", 402, "Flat Plate", 1.308, 1.96
Topsun, TS-S402VA1, "402W Monocrystalline Module", 402, "Flat Plate", 1.308, 1.96
Topsun, TS-M403JA1, "403W Polycrystalline Module", 403, "Flat Plate", 1.308, 1.96
Topsun, TS-S403, "403W Monocrystalline Module", 403, "Flat Plate", 1.308, 1.96
Topsun, TS-S403SA1, "403W Monocrystalline Module", 403, "Flat Plate", 1.308, 1.96
Topsun, TS-S403SA1K, "403W Monocrystalline Module", 403, "Flat Plate", 1.308, 1.96
Topsun, TS-S403TA1, "403W Monocrystalline Module", 403, "Flat Plate", 1.308, 1.96
Topsun, TS-S403VA1, "403W Monocrystalline Module", 403, "Flat Plate", 1.308, 1.96
Topsun, TS-M404JA1, "404W Polycrystalline Module", 404, "Flat Plate", 1.308, 1.96
Topsun, TS-S404, "404W Monocrystalline Module", 404, "Flat Plate", 1.308, 1.96
Topsun, TS-S404SA1, "404W Monocrystalline Module", 404, "Flat Plate", 1.308, 1.96
Topsun, TS-S404SA1K, "404W Monocrystalline Module", 404, "Flat Plate", 1.308, 1.96
Topsun, TS-S404TA1, "404W Monocrystalline Module", 404, "Flat Plate", 1.308, 1.96
Topsun, TS-S404VA1, "404W Monocrystalline Module", 404, "Flat Plate", 1.308, 1.96
Topsun, TS-M405JA1, "405 W Polycrystalline Module", 405, "Flat Plate", 1.308, 1.96
Topsun, TS-S405, "405 W Monocrystalline Module", 405, "Flat Plate", 1.308, 1.96
Topsun, TS-S405SA1, "405 W Monocrystalline Module", 405, "Flat Plate", 1.308, 1.96
Topsun, TS-S405SA1K, "405 W Monocrystalline Module", 405, "Flat Plate", 1.308, 1.96
Topsun, TS-S405TA1, "405 W Monocrystalline Module", 405, "Flat Plate", 1.308, 1.96
Topsun, TS-S405VA1, "405 W Monocrystalline Module", 405, "Flat Plate", 1.308, 1.96
Topsun, TS-M406JA1, "406W Polycrystalline Module", 406, "Flat Plate", 1.308, 1.96
Topsun, TS-S406, "406W Monocrystalline Module", 406, "Flat Plate", 1.308, 1.96
Topsun, TS-S406SA1, "406W Monocrystalline Module", 406, "Flat Plate", 1.308, 1.96
Topsun, TS-S406SA1K, "406W Monocrystalline Module", 406, "Flat Plate", 1.308, 1.96
Topsun, TS-S406TA1, "406W Monocrystalline Module", 406, "Flat Plate", 1.308, 1.96
Topsun, TS-S406VA1, "406W Monocrystalline Module", 406, "Flat Plate", 1.308, 1.96
Topsun, TS-M407JA1, "407W Polycrystalline Module", 407, "Flat Plate", 1.308, 1.96
Topsun, TS-S407, "407W Monocrystalline Module", 407, "Flat Plate", 1.308, 1.96
Topsun, TS-S407SA1, "407W Monocrystalline Module", 407, "Flat Plate", 1.308, 1.96
Topsun, TS-S407SA1K, "407W Monocrystalline Module", 407, "Flat Plate", 1.308, 1.96
Topsun, TS-S407TA1, "407W Monocrystalline Module", 407, "Flat Plate", 1.308, 1.96
Topsun, TS-S407VA1, "407W Monocrystalline Module", 407, "Flat Plate", 1.308, 1.96
Topsun, TS-M408JA1, "408W Polycrystalline Module", 408, "Flat Plate", 1.308, 1.96
Topsun, TS-S408, "408W Monocrystalline Module", 408, "Flat Plate", 1.308, 1.96
Topsun, TS-S408SA1, "408W Monocrystalline Module", 408, "Flat Plate", 1.308, 1.96
Topsun, TS-S408SA1K, "408W Monocrystalline Module", 408, "Flat Plate", 1.308, 1.96
Topsun, TS-S408TA1, "408W Monocrystalline Module", 408, "Flat Plate", 1.308, 1.96
Topsun, TS-S408VA1, "408W Monocrystalline Module", 408, "Flat Plate", 1.308, 1.96
Topsun, TS-M409JA1, "409W Polycrystalline Module", 409, "Flat Plate", 1.308, 1.96
Topsun, TS-S409, "409W Monocrystalline Module", 409, "Flat Plate", 1.308, 1.96
Topsun, TS-S409SA1, "409W Monocrystalline Module", 409, "Flat Plate", 1.308, 1.96
Topsun, TS-S409SA1K, "409W Monocrystalline Module", 409, "Flat Plate", 1.308, 1.96
Topsun, TS-S409TA1, "409W Monocrystalline Module", 409, "Flat Plate", 1.308, 1.96
Topsun, TS-S409VA1, "409W Monocrystalline Module", 409, "Flat Plate", 1.308, 1.96
Topsun, TS-M410JA1, "410 W Polycrystalline Module", 410, "Flat Plate", 1.308, 1.96
Topsun, TS-S410, "410 W Monocrystalline Module", 410, "Flat Plate", 1.308, 1.96
Topsun, TS-S410SA1, "410 W Monocrystalline Module", 410, "Flat Plate", 1.308, 1.96
Topsun, TS-S410SA1K, "410 W Monocrystalline Module", 410, "Flat Plate", 1.308, 1.96
Topsun, TS-S410TA1, "410 W Monocrystalline Module", 410, "Flat Plate", 1.308, 1.96
Topsun, TS-S410VA1, "410 W Monocrystalline Module", 410, "Flat Plate", 1.308, 1.96
Topsun, TS-M411JA1, "411W Polycrystalline Module", 411, "Flat Plate", 1.308, 1.96
Topsun, TS-S411SA1, "411W Monocrystalline Module", 411, "Flat Plate", 1.308, 1.96
Topsun, TS-S411SA1K, "411W Monocrystalline Module", 411, "Flat Plate", 1.308, 1.96
Topsun, TS-S411TA1, "411W Monocrystalline Module", 411, "Flat Plate", 1.308, 1.96
Topsun, TS-S411VA1, "411W Monocrystalline Module", 411, "Flat Plate", 1.308, 1.96
Topsun, TS-M412JA1, "412W Polycrystalline Module", 412, "Flat Plate", 1.308, 1.96
Topsun, TS-S412SA1, "412W Monocrystalline Module", 412, "Flat Plate", 1.308, 1.96
Topsun, TS-S412SA1K, "412W Monocrystalline Module", 412, "Flat Plate", 1.308, 1.96
Topsun, TS-S412TA1, "412W Monocrystalline Module", 412, "Flat Plate", 1.308, 1.96
Topsun, TS-S412VA1, "412W Monocrystalline Module", 412, "Flat Plate", 1.308, 1.96
Topsun, TS-M413JA1, "413W Polycrystalline Module", 413, "Flat Plate", 1.308, 1.96
Topsun, TS-S413SA1, "413W Monocrystalline Module", 413, "Flat Plate", 1.308, 1.96
Topsun, TS-S413SA1K, "413W Monocrystalline Module", 413, "Flat Plate", 1.308, 1.96
Topsun, TS-S413TA1, "413W Monocrystalline Module", 413, "Flat Plate", 1.308, 1.96
Topsun, TS-S413VA1, "413W Monocrystalline Module", 413, "Flat Plate", 1.308, 1.96
Topsun, TS-M414JA1, "414W Polycrystalline Module", 414, "Flat Plate", 1.308, 1.96
Topsun, TS-S414SA1, "414W Monocrystalline Module", 414, "Flat Plate", 1.308, 1.96
Topsun, TS-S414SA1K, "414W Monocrystalline Module", 414, "Flat Plate", 1.308, 1.96
Topsun, TS-S414TA1, "414W Monocrystalline Module", 414, "Flat Plate", 1.308, 1.96
Topsun, TS-S414VA1, "414W Monocrystalline Module", 414, "Flat Plate", 1.308, 1.96
Topsun, TS-M415JA1, "415 W Polycrystalline Module", 415, "Flat Plate", 1.308, 1.96
Topsun, TS-S415SA1, "415 W Monocrystalline Module", 415, "Flat Plate", 1.308, 1.96
Topsun, TS-S415SA1K, "415 W Monocrystalline Module", 415, "Flat Plate", 1.308, 1.96
Topsun, TS-S415TA1, "415 W Monocrystalline Module", 415, "Flat Plate", 1.308, 1.96
Topsun, TS-S415VA1, "415 W Monocrystalline Module", 415, "Flat Plate", 1.308, 1.96
Topsun, TS-M416JA1, "416W Polycrystalline Module", 416, "Flat Plate", 1.308, 1.96
Topsun, TS-S416SA1, "416W Monocrystalline Module", 416, "Flat Plate", 1.308, 1.96
Topsun, TS-S416SA1K, "416W Monocrystalline Module", 416, "Flat Plate", 1.308, 1.96
Topsun, TS-S416TA1, "416W Monocrystalline Module", 416, "Flat Plate", 1.308, 1.96
Topsun, TS-S416VA1, "416W Monocrystalline Module", 416, "Flat Plate", 1.308, 1.96
Topsun, TS-M417JA1, "417W Polycrystalline Module", 417, "Flat Plate", 1.308, 1.96
Topsun, TS-S417SA1, "417W Monocrystalline Module", 417, "Flat Plate", 1.308, 1.96
Topsun, TS-S417SA1K, "417W Monocrystalline Module", 417, "Flat Plate", 1.308, 1.96
Topsun, TS-S417TA1, "417W Monocrystalline Module", 417, "Flat Plate", 1.308, 1.96
Topsun, TS-S417VA1, "417W Monocrystalline Module", 417, "Flat Plate", 1.308, 1.96
Topsun, TS-M418JA1, "418W Polycrystalline Module", 418, "Flat Plate", 1.308, 1.96
Topsun, TS-S418SA1, "418W Monocrystalline Module", 418, "Flat Plate", 1.308, 1.96
Topsun, TS-S418SA1K, "418W Monocrystalline Module", 418, "Flat Plate", 1.308, 1.96
Topsun, TS-S418TA1, "418W Monocrystalline Module", 418, "Flat Plate", 1.308, 1.96
Topsun, TS-S418VA1, "418W Monocrystalline Module", 418, "Flat Plate", 1.308, 1.96
Topsun, TS-M419JA1, "419W Polycrystalline Module", 419, "Flat Plate", 1.308, 1.96
Topsun, TS-S419SA1, "419W Monocrystalline Module", 419, "Flat Plate", 1.308, 1.96
Topsun, TS-S419SA1K, "419W Monocrystalline Module", 419, "Flat Plate", 1.308, 1.96
Topsun, TS-S419TA1, "419W Monocrystalline Module", 419, "Flat Plate", 1.308, 1.96
Topsun, TS-M420JA1, "420 W Polycrystalline Module", 420, "Flat Plate", 1.308, 1.96
Topsun, TS-S420SA1, "420 W Monocrystalline Module", 420, "Flat Plate", 1.308, 1.96
Topsun, TS-S420TA1, "420 W Monocrystalline Module", 420, "Flat Plate", 1.308, 1.96
"Zytech Engineering Technology", ZT170S, "170 W Monocrystalline Module", 170, "Flat Plate", 0.808, 1.58
"Zytech Engineering Technology", ZT175S, "175 W Monocrystalline Module", 175, "Flat Plate", 0.808, 1.58
"Zytech Engineering Technology", ZT180S, "180 W Monocrystalline Module", 180, "Flat Plate", 0.808, 1.58
"Zytech Engineering Technology", ZT185S, "185 W Monocrystalline Module", 185, "Flat Plate", 0.808, 1.58
"Zytech Engineering Technology", ZT190S, "190 W Monocrystalline Module", 190, "Flat Plate", 0.808, 1.58
"Zytech Solar", ZT145P, "145 W Polycrystalline Module", 145, "Flat Plate", 0.676, 1.482
"Zytech Solar", ZT150P, "150 W Polycrystalline Module", 150, "Flat Plate", 0.676, 1.482
"Zytech Solar", ZT155P, "155 W Polycrystalline Module", 155, "Flat Plate", 0.676, 1.482
"Zytech Solar", ZT185P, "185 W Polycrystalline Module", 185, "Flat Plate", 0.99, 1.326
"Zytech Solar", ZT190P, "190 W Polycrystalline Module", 190, "Flat Plate", 0.99, 1.326
"Zytech Solar", ZT195P, "195 W Polycrystalline Module", 195, "Flat Plate", 0.99, 1.326
"Zytech Solar", ZT200P, "200 W Polycrystalline Module", 200, "Flat Plate", 0.99, 1.326
"Zytech Solar", ZT210P, "210 W Polycrystalline Module", 210, "Flat Plate", 0.99, 1.488
"Zytech Solar", ZT215P, "215 W Polycrystalline Module", 215, "Flat Plate", 0.99, 1.488
"Zytech Solar", ZT220P, "220 W Polycrystalline Module", 220, "Flat Plate", 0.99, 1.488
"Zytech Solar", ZT225P, "225 W Polycrystalline Module", 225, "Flat Plate", 0.99, 1.488
"Zytech Solar", ZT230P, "230 W Polycrystalline Module", 230, "Flat Plate", 0.99, 1.488
"Zytech Solar", ZT235P, "235 W Polycrystalline Module", 235, "Flat Plate", 0.99, 1.65
"Zytech Solar", ZT240P, "240 W Polycrystalline Module", 240, "Flat Plate", 0.99, 1.65
"Zytech Solar", ZT245P, "245 W Polycrystalline Module", 245, "Flat Plate", 0.99, 1.65
"Zytech Solar", ZT250P, "250 W Polycrystalline Module", 250, "Flat Plate", 0.99, 1.65
"Zytech Solar", ZT255P, "255 W Polycrystalline Module", 255, "Flat Plate", 0.99, 1.65
"Zytech Solar", ZT260P, "260 W Polycrystalline Module", 260, "Flat Plate", 0.99, 1.65
"Zytech Solar", ZT265P, "265 W Polycrystalline Module", 265, "Flat Plate", 0.99, 1.65
"Zytech Solar", ZT270P, "270 W Polycrystalline Module", 270, "Flat Plate", 0.99, 1.95
"Zytech Solar", ZT275P, "275 W Polycrystalline Module", 275, "Flat Plate", 0.99, 1.95
"Zytech Solar", ZT280P, "280 W Polycrystalline Module", 280, "Flat Plate", 0.99, 1.95
"Zytech Solar", ZT285P, "285 W Polycrystalline Module", 285, "Flat Plate", 0.99, 1.95
"Zytech Solar", ZT290P, "290 W Polycrystalline Module", 290, "Flat Plate", 0.99, 1.95
"Zytech Solar", ZT295P, "295 W Polycrystalline Module", 295, "Flat Plate", 0.99, 1.95
"Zytech Solar", ZT300P, "300 W Polycrystalline Module", 300, "Flat Plate", 0.99, 1.95
"Zytech Solar", ZT305P, "305 W Polycrystalline Module", 305, "Flat Plate", 0.99, 1.95
"Zytech Solar", ZT310P, "310 W Polycrystalline Module", 310, "Flat Plate", 0.99, 1.95
"Zytech Solar", ZT315P, "315 W Polycrystalline Module", 315, "Flat Plate", 0.99, 1.95
"Zytech Solar", ZT320P, "320 W Polycrystalline Module", 320, "Flat Plate", 0.99, 1.95